,adview
0,994
1,985
2,197
3,686
4,1346
5,3
6,8
7,399
8,15
9,89
10,122
11,10792
12,756
13,6
14,5
15,51
16,231
17,5
18,133
19,7
20,472
21,401
22,1416
23,59
24,475
25,106
26,1
27,13086
28,4
29,155
30,463
31,3809
32,25
33,6
34,2
35,53
36,5387
37,628
38,283
39,2390
40,356
41,90
42,20
43,21
44,611
45,17
46,952
47,13
48,10
49,10
50,332
51,109
52,838
53,10
54,956
55,25
56,6
57,4
58,13
59,2
60,3517
61,13
62,36444
63,52
64,688
65,517
66,65
67,3134
68,319
69,64
70,144
71,500
72,68
73,27
74,10
75,1700
76,1213
77,10
78,5
79,865
80,4
81,22
82,2712
83,6
84,2573
85,169
86,332
87,10
88,13
89,27
90,122
91,315
92,19
93,5
94,1
95,3014
96,5
97,261
98,12
99,10
100,11113
101,387
102,6
103,810
104,371
105,6124
106,23
107,695
108,5
109,1453
110,478
111,620
112,303
113,305
114,896
115,102
116,3
117,115
118,1882
119,25
120,67
121,1733
122,992
123,23
124,2461
125,11
126,17
127,1555
128,154
129,1038
130,2
131,2
132,148
133,4
134,2
135,4
136,7
137,23
138,15
139,11
140,59
141,3041
142,1
143,1
144,558
145,1
146,35
147,4
148,68
149,183
150,207
151,155
152,7164
153,460
154,608
155,21
156,4062
157,8
158,1417
159,14
160,4972
161,1878
162,8
163,3
164,4
165,475
166,10
167,12
168,271
169,52
170,1022
171,541
172,16
173,12
174,2
175,89
176,15
177,178
178,59
179,1328
180,3514
181,120
182,1208
183,42
184,2
185,37
186,801
187,6603
188,19269
189,327
190,2349
191,19
192,1435
193,197
194,135
195,6
196,2878
197,526
198,86
199,46
200,15
201,37
202,19
203,9
204,2
205,695
206,14
207,30
208,709
209,7
210,8
211,7833
212,4704
213,1457
214,12
215,109
216,38
217,174
218,1870
219,590
220,85
221,286
222,755
223,1006
224,74
225,172
226,10
227,256
228,1
229,2
230,197
231,45
232,10
233,1143
234,3018
235,520
236,7676
237,618
238,80
239,2868
240,5
241,278
242,2831
243,27
244,20
245,169
246,2237
247,8
248,809
249,918
250,1
251,18
252,2
253,12832
254,63
255,1263
256,8
257,5172
258,56
259,248
260,332
261,15
262,1030
263,1416
264,6320
265,2
266,244
267,209
268,124
269,77
270,785
271,3
272,11942
273,302
274,3
275,747
276,36
277,60
278,60
279,553
280,1319
281,287
282,95
283,295
284,1944
285,111
286,21
287,543
288,40
289,37
290,2024
291,35
292,2
293,103
294,4
295,31
296,2113
297,297
298,11
299,298
300,7
301,3
302,33
303,2
304,577
305,1094
306,1420
307,2952
308,5
309,1423
310,106
311,1304
312,9
313,714
314,99
315,1062
316,76
317,827
318,10
319,9
320,12585
321,3
322,200
323,52
324,794
325,89969
326,17
327,11
328,10
329,8
330,10
331,83
332,20
333,94
334,194
335,35
336,406
337,7
338,738
339,1
340,58
341,7
342,176
343,10
344,19
345,229
346,18
347,51
348,1307
349,80
350,2068
351,2910
352,2341
353,1061
354,1483
355,72
356,29
357,8
358,92
359,348
360,1866
361,3074
362,176
363,5473
364,797
365,817
366,1164
367,20
368,10
369,59
370,1428
371,1361
372,1556
373,158
374,3282
375,16
376,410
377,128
378,1102
379,634
380,5975
381,573
382,385
383,10
384,11
385,89883
386,456
387,108
388,631
389,1418
390,73
391,25
392,130
393,662
394,715
395,123
396,19
397,18
398,12
399,681
400,523
401,7
402,7602
403,6
404,24
405,386
406,312
407,2425
408,32
409,407
410,2
411,19
412,4
413,7687
414,213
415,671
416,4
417,157
418,106
419,3004
420,97502
421,13
422,29
423,248
424,4
425,2613
426,561
427,106
428,401
429,2
430,6
431,3
432,435
433,116
434,282
435,8
436,726
437,424
438,1041
439,202
440,5046
441,2633
442,57
443,10
444,109
445,6
446,3176
447,5
448,35
449,52
450,643
451,3285
452,2
453,369
454,7
455,34
456,4342
457,14
458,10
459,3
460,190
461,152
462,51
463,564
464,1089
465,251
466,139
467,80
468,58
469,4
470,182
471,8799
472,1646
473,3
474,25
475,224
476,579
477,5
478,1999
479,1145
480,3
481,51
482,823
483,330
484,64
485,11
486,22815
487,10
488,36
489,4962
490,161
491,82
492,2095
493,8242
494,452
495,20
496,23
497,2717
498,113
499,1252
500,6
501,634
502,141
503,270
504,6
505,305
506,899
507,57
508,122490
509,2
510,151
511,4
512,974
513,18
514,10
515,16
516,6
517,13
518,13
519,128
520,65
521,369
522,7
523,5
524,2760
525,49
526,1363
527,6
528,7
529,4213
530,1328
531,2366
532,8
533,168
534,3324
535,1
536,384
537,500
538,101
539,15
540,1065
541,35
542,4
543,133
544,1020
545,407
546,23
547,1317
548,3018
549,33
550,4507
551,205
552,1204
553,2
554,3
555,87
556,1527
557,1
558,1356
559,4750
560,1241
561,210
562,2054
563,392
564,6062
565,20
566,631
567,247
568,362
569,6160
570,1248
571,60
572,9093
573,9607
574,789
575,136
576,5
577,880
578,1276
579,1824
580,72
581,5
582,198
583,6858
584,239
585,5
586,16
587,78
588,793
589,666
590,152
591,1604
592,718
593,4
594,372
595,188
596,43
597,220
598,11
599,2
600,11942
601,133
602,52
603,307
604,6
605,709
606,20
607,18
608,1243
609,2374
610,156
611,89
612,511
613,431
614,278
615,71
616,11
617,27
618,2245
619,1471
620,624
621,13
622,1280
623,3
624,388
625,514
626,136
627,8
628,4
629,303
630,11
631,1000
632,46
633,387
634,636
635,36
636,2
637,35
638,5256
639,3636
640,694
641,139
642,126
643,234
644,539
645,106
646,3046
647,9
648,470
649,6
650,87
651,244
652,31
653,162
654,696
655,1237
656,4
657,2
658,2
659,2447
660,887
661,316
662,11
663,25
664,1
665,74
666,10
667,6
668,1070
669,473
670,107
671,23
672,14
673,54
674,8
675,5111
676,143
677,109
678,65
679,12
680,2
681,21
682,2
683,6196
684,12
685,53
686,50
687,1241
688,9
689,200
690,2326
691,3566
692,44
693,128
694,219
695,17
696,6
697,27
698,21
699,5
700,1210
701,18
702,1463
703,35
704,973
705,48
706,3860
707,550
708,28
709,1308
710,342
711,5120
712,683
713,6
714,4951
715,2861
716,11
717,2273
718,724
719,249
720,181
721,12
722,3377
723,9
724,1655
725,3
726,35
727,3031
728,615
729,16
730,2343
731,46
732,197
733,550
734,1006
735,1
736,4
737,2494
738,695
739,2780
740,175
741,7
742,4
743,851
744,132
745,6
746,13
747,125
748,4
749,429
750,2
751,2772
752,7
753,707
754,3
755,318
756,6696
757,6
758,9215
759,19795
760,4
761,10
762,2882
763,3
764,2656
765,4
766,6
767,62
768,682
769,376
770,4
771,55
772,1457
773,7
774,18
775,183
776,30
777,6
778,13
779,129
780,85
781,358
782,112
783,4
784,96
785,1186
786,177
787,3
788,5
789,406
790,1597
791,3
792,7
793,314
794,27
795,696
796,27
797,27
798,292
799,2
800,223
801,21
802,55
803,3115
804,29
805,300
806,58
807,8
808,808
809,27
810,12
811,3859
812,644
813,546
814,1551
815,17
816,31
817,714
818,15049
819,674
820,213
821,46
822,2
823,4968
824,2266
825,45
826,39
827,2811
828,58
829,5
830,112
831,2
832,223
833,19
834,15
835,530
836,17
837,61
838,11
839,1
840,330
841,40
842,998
843,233
844,2374
845,4277
846,96
847,895
848,3
849,19
850,4198
851,26
852,73
853,5
854,5875
855,42211
856,27
857,181
858,2
859,520
860,3084
861,594
862,93
863,87
864,38
865,5
866,68
867,27
868,25
869,2
870,26
871,167
872,11
873,8
874,139
875,1085
876,9
877,54
878,1498
879,29
880,6012
881,7
882,713
883,618
884,726
885,33
886,141
887,583
888,11
889,52
890,3504
891,9254
892,1660
893,503
894,592
895,11
896,6021
897,7
898,3
899,2
900,96
901,267
902,3518
903,870
904,738
905,1808
906,388
907,7
908,17925
909,17
910,634
911,20
912,177
913,3
914,3
915,87
916,20
917,28
918,107
919,318
920,980
921,8
922,152
923,2311
924,260
925,36
926,1283
927,2173
928,358
929,33
930,375
931,9
932,3
933,3132
934,15
935,6547
936,58
937,1101
938,8184
939,40
940,2
941,283
942,3064
943,156
944,862
945,10
946,17510
947,182
948,4
949,2
950,3535
951,534
952,6641
953,1
954,164
955,33
956,2747
957,748
958,1978
959,43
960,2
961,65
962,110
963,371
964,1307
965,387
966,176
967,280
968,9
969,1348
970,10
971,244
972,55
973,50
974,2951
975,28
976,3
977,240
978,2382
979,21
980,4
981,5118
982,64
983,94256
984,202
985,14
986,417
987,27
988,160
989,11
990,23647
991,691
992,755
993,13
994,76
995,107
996,94
997,2839
998,635
999,842
1000,696
1001,913
1002,5153
1003,31
1004,7900
1005,12
1006,130
1007,49
1008,5
1009,98
1010,28
1011,13
1012,7
1013,1071
1014,107
1015,1334
1016,7
1017,182
1018,14
1019,1200
1020,28
1021,149
1022,18
1023,172
1024,56
1025,9
1026,4
1027,135
1028,6
1029,1931
1030,24
1031,2378
1032,49
1033,19970
1034,175
1035,43
1036,2092
1037,3
1038,1636
1039,352
1040,68
1041,8
1042,579
1043,2145
1044,4918
1045,629
1046,6758
1047,1586
1048,918
1049,7
1050,823
1051,3
1052,790
1053,109
1054,15
1055,52
1056,21
1057,1
1058,19
1059,2874
1060,82
1061,20
1062,3460
1063,976
1064,1657
1065,3
1066,1348
1067,24
1068,7
1069,10
1070,174
1071,518
1072,50
1073,13
1074,1962
1075,654
1076,284
1077,372
1078,312
1079,610
1080,686
1081,4
1082,194
1083,94
1084,58
1085,24
1086,4262
1087,3
1088,10
1089,143
1090,8072
1091,198
1092,642
1093,28
1094,796
1095,1
1096,185
1097,10
1098,1
1099,1805
1100,156
1101,48
1102,17
1103,403
1104,53
1105,111
1106,142
1107,14780
1108,74920
1109,6
1110,5
1111,1212
1112,21
1113,206
1114,7
1115,59
1116,24
1117,9
1118,12045
1119,21863
1120,8
1121,2082
1122,6590
1123,40
1124,975
1125,148
1126,6
1127,6
1128,5
1129,27
1130,6
1131,3906
1132,6
1133,337
1134,8
1135,608
1136,191
1137,152
1138,86
1139,1058
1140,18
1141,1377
1142,5
1143,4
1144,51
1145,1515
1146,480
1147,7
1148,149
1149,7184
1150,126
1151,615
1152,12
1153,56
1154,47
1155,81
1156,2215
1157,848
1158,152
1159,14
1160,331
1161,760
1162,8
1163,55
1164,1640
1165,5
1166,278
1167,406
1168,841
1169,920
1170,1350
1171,32
1172,48
1173,323
1174,6662
1175,10
1176,12
1177,298
1178,803
1179,6
1180,4285
1181,405
1182,5
1183,22
1184,16
1185,603
1186,1
1187,8
1188,42
1189,8887
1190,1878
1191,5
1192,16
1193,251
1194,178
1195,198
1196,140
1197,6
1198,184
1199,398
1200,1986
1201,1
1202,13
1203,118
1204,117
1205,886
1206,1898
1207,856
1208,1255
1209,24
1210,361
1211,33
1212,161
1213,2016
1214,18
1215,10704
1216,1361
1217,38
1218,203
1219,337
1220,685
1221,19
1222,34
1223,515
1224,694
1225,48
1226,360
1227,14
1228,5
1229,509
1230,1197
1231,492
1232,64
1233,700
1234,1
1235,2
1236,456
1237,118
1238,8464
1239,15
1240,138
1241,1281
1242,273
1243,636
1244,1419
1245,1539
1246,10
1247,4
1248,4
1249,1031
1250,8999
1251,600
1252,243
1253,999
1254,3
1255,5
1256,5
1257,8
1258,900
1259,11722
1260,11
1261,10
1262,3766
1263,79
1264,23
1265,175
1266,112
1267,1068
1268,109
1269,392
1270,26
1271,62
1272,74
1273,10
1274,6
1275,125
1276,12
1277,65
1278,637
1279,5
1280,13119
1281,17
1282,5038
1283,346
1284,24
1285,13
1286,299
1287,7
1288,217
1289,8
1290,46690
1291,33
1292,16
1293,410
1294,1398
1295,7
1296,14
1297,371
1298,151
1299,1396
1300,9
1301,12
1302,936
1303,566
1304,17
1305,223
1306,25
1307,13
1308,44
1309,155
1310,7
1311,2987
1312,4
1313,10
1314,2
1315,279
1316,229
1317,101
1318,158
1319,254
1320,94
1321,14
1322,1095
1323,45
1324,42
1325,113
1326,1505
1327,463
1328,104
1329,3145
1330,194
1331,165
1332,4
1333,54
1334,1358
1335,864
1336,658
1337,154
1338,661
1339,144
1340,636
1341,79
1342,250
1343,961
1344,79
1345,1
1346,3
1347,699
1348,30048
1349,860
1350,197
1351,23
1352,3251
1353,3915
1354,267
1355,75
1356,206
1357,4
1358,173
1359,4
1360,49
1361,60
1362,6
1363,27
1364,5
1365,6
1366,234
1367,709
1368,792
1369,47
1370,1135
1371,39
1372,5
1373,130
1374,2463
1375,48
1376,1
1377,281
1378,214
1379,55
1380,329
1381,25
1382,6
1383,1922
1384,22
1385,13
1386,1235
1387,52
1388,1436
1389,1571
1390,58
1391,697
1392,11
1393,6
1394,5
1395,2347
1396,5
1397,3
1398,4
1399,450
1400,376
1401,212
1402,29
1403,8
1404,122
1405,60
1406,244
1407,6189
1408,26
1409,4118
1410,521
1411,3
1412,645
1413,11
1414,1
1415,3
1416,194
1417,58
1418,1042
1419,10
1420,44
1421,1136
1422,61
1423,4999
1424,17
1425,214
1426,1
1427,2
1428,3247
1429,36327
1430,301
1431,374
1432,1
1433,8
1434,289
1435,497
1436,528
1437,31
1438,3
1439,570
1440,6
1441,925
1442,11
1443,288
1444,2
1445,298
1446,849
1447,137
1448,3
1449,43
1450,11
1451,1269
1452,846
1453,7232
1454,3
1455,68
1456,88
1457,14
1458,8
1459,5674
1460,2
1461,11
1462,28
1463,17
1464,410
1465,75
1466,8368
1467,63
1468,15
1469,270
1470,90
1471,42
1472,79
1473,8
1474,324
1475,131
1476,6247
1477,140702
1478,365
1479,192
1480,17
1481,755
1482,17
1483,112
1484,15
1485,11
1486,5424
1487,36
1488,1
1489,1670
1490,373
1491,8
1492,38
1493,3073
1494,5
1495,841
1496,211
1497,89759
1498,4
1499,6
1500,64
1501,3
1502,494
1503,2106
1504,678
1505,58
1506,1465
1507,3523
1508,1617
1509,340
1510,632
1511,146
1512,2108
1513,10645
1514,110
1515,33
1516,3
1517,197
1518,2
1519,851
1520,294
1521,220
1522,51
1523,23
1524,12112
1525,698
1526,1947
1527,1476
1528,14
1529,11
1530,133
1531,370
1532,17
1533,6456
1534,1252
1535,13
1536,599
1537,558
1538,26049
1539,243
1540,338
1541,24
1542,3
1543,1019
1544,522
1545,8716
1546,6
1547,333
1548,880
1549,173
1550,16
1551,23
1552,61594
1553,6
1554,120
1555,11833
1556,3
1557,5
1558,27
1559,3767
1560,673
1561,447
1562,4
1563,5
1564,3
1565,1087
1566,69
1567,229
1568,335
1569,26
1570,7210
1571,15
1572,374
1573,6
1574,11
1575,42
1576,15
1577,23
1578,91379
1579,2326
1580,207
1581,166
1582,902
1583,83
1584,1059
1585,6
1586,2589
1587,106
1588,1104
1589,152
1590,437
1591,870
1592,329
1593,39
1594,22162
1595,3150
1596,16
1597,8
1598,8957
1599,886
1600,37
1601,12
1602,6
1603,2
1604,33
1605,157
1606,1073
1607,15
1608,151
1609,2650
1610,1876
1611,118
1612,1840
1613,10
1614,8
1615,20
1616,1
1617,2252
1618,16
1619,1024
1620,9
1621,36
1622,11
1623,1
1624,3077
1625,16
1626,327
1627,7
1628,564
1629,107
1630,2382
1631,265
1632,2
1633,22
1634,1706
1635,2110
1636,2179
1637,136
1638,17
1639,27
1640,2534
1641,485
1642,937
1643,156
1644,134
1645,17
1646,552
1647,1703
1648,45
1649,5
1650,1
1651,1
1652,2
1653,8
1654,14
1655,6646
1656,987
1657,4
1658,736
1659,1012
1660,43
1661,41
1662,2
1663,21375
1664,183
1665,278
1666,93
1667,5
1668,4
1669,2367
1670,940
1671,13
1672,4799
1673,47134
1674,172
1675,2
1676,7
1677,2133
1678,1
1679,210
1680,2908
1681,804
1682,186
1683,10
1684,4
1685,4349
1686,31
1687,130
1688,2058
1689,16
1690,72
1691,2140
1692,4
1693,43
1694,5
1695,34764
1696,12
1697,4
1698,12
1699,5
1700,4
1701,426
1702,9
1703,434
1704,7
1705,937
1706,3364
1707,10
1708,30
1709,103158
1710,417
1711,178
1712,541
1713,49
1714,360
1715,175
1716,4
1717,70
1718,45
1719,1172
1720,9
1721,19
1722,4
1723,31
1724,613
1725,1579
1726,18
1727,360
1728,3102
1729,14
1730,269
1731,1314
1732,1100
1733,2
1734,99
1735,5
1736,250
1737,552
1738,20173
1739,152
1740,578
1741,3
1742,181
1743,539
1744,174
1745,595
1746,314
1747,122
1748,4
1749,184
1750,27
1751,420
1752,51
1753,6
1754,1006
1755,153
1756,756
1757,25
1758,294
1759,2
1760,706
1761,478
1762,413
1763,170
1764,2290
1765,133
1766,142
1767,2437
1768,77
1769,110
1770,442
1771,733
1772,125
1773,1524
1774,36
1775,770
1776,10
1777,760
1778,21
1779,360
1780,509
1781,22
1782,11
1783,841
1784,269
1785,256
1786,838
1787,2163
1788,23
1789,677
1790,583
1791,195
1792,31
1793,39
1794,2
1795,17
1796,141
1797,37
1798,140
1799,2288
1800,205
1801,3846
1802,360
1803,17
1804,410
1805,108
1806,9329
1807,56
1808,8
1809,5974
1810,581
1811,3625
1812,2986
1813,6
1814,1603
1815,2605
1816,17
1817,482
1818,57
1819,62
1820,16
1821,1995
1822,4803
1823,2465
1824,1166
1825,8
1826,1
1827,3352
1828,50
1829,606
1830,3396
1831,20
1832,40
1833,11
1834,301
1835,1046
1836,2070
1837,5
1838,243
1839,642
1840,22
1841,15
1842,6734
1843,5
1844,240
1845,15050
1846,137
1847,4545
1848,10
1849,17
1850,1380
1851,28
1852,1995
1853,132
1854,1
1855,10
1856,6
1857,2
1858,6
1859,1
1860,14
1861,29
1862,9
1863,105
1864,744
1865,834
1866,85
1867,63
1868,250
1869,6
1870,135
1871,1906
1872,151
1873,2
1874,23
1875,161
1876,2644
1877,393
1878,650
1879,960
1880,211
1881,77
1882,5
1883,860
1884,3052
1885,143
1886,5141
1887,161
1888,5
1889,300
1890,100
1891,9
1892,815
1893,791
1894,4
1895,9
1896,256
1897,1919
1898,887
1899,10
1900,217
1901,888
1902,2
1903,1992
1904,9
1905,24
1906,1520
1907,143
1908,40
1909,67
1910,1270
1911,977
1912,639
1913,546
1914,319
1915,359
1916,8
1917,1
1918,75
1919,275
1920,1167
1921,4
1922,231
1923,53
1924,74
1925,232
1926,121244
1927,689
1928,788
1929,36
1930,3734
1931,1
1932,12
1933,6
1934,3245
1935,12
1936,3
1937,1957
1938,1063
1939,983
1940,990
1941,1225
1942,563
1943,430
1944,167
1945,32
1946,845
1947,9
1948,716
1949,5
1950,11604
1951,87
1952,85
1953,15
1954,132
1955,306
1956,239
1957,411
1958,5299
1959,6
1960,3
1961,121
1962,531
1963,42
1964,1007
1965,32
1966,3
1967,19
1968,1
1969,656
1970,301
1971,176
1972,3
1973,46
1974,5
1975,28
1976,6
1977,28337
1978,8
1979,53
1980,1411
1981,713
1982,165
1983,39
1984,9
1985,838
1986,15
1987,6
1988,67
1989,17
1990,1182
1991,2
1992,4
1993,59
1994,18
1995,7
1996,243
1997,24
1998,943
1999,253
2000,482
2001,3816
2002,949
2003,326
2004,19384
2005,222
2006,232
2007,7
2008,90
2009,319
2010,1
2011,3
2012,38
2013,97
2014,972
2015,18
2016,283
2017,16366
2018,61
2019,1385
2020,54
2021,5
2022,122
2023,1150
2024,111
2025,13
2026,499
2027,19
2028,2754
2029,1
2030,5635
2031,232
2032,4
2033,1389
2034,5
2035,819
2036,392
2037,1561
2038,11
2039,1395
2040,334
2041,3
2042,53
2043,1832
2044,1
2045,6
2046,33
2047,1649
2048,13
2049,5319
2050,330
2051,947
2052,3984
2053,60
2054,459
2055,9
2056,224
2057,2
2058,19
2059,1
2060,2627
2061,2
2062,8
2063,407
2064,466
2065,59
2066,3
2067,23
2068,2
2069,242
2070,1060
2071,2450
2072,1333
2073,1003
2074,2
2075,215
2076,2
2077,152
2078,364
2079,6
2080,36
2081,64
2082,14
2083,421
2084,7
2085,1108
2086,41
2087,69
2088,8
2089,1617
2090,4
2091,86
2092,790
2093,2324
2094,372
2095,341
2096,106
2097,7
2098,22
2099,9
2100,1149
2101,3
2102,837
2103,3371
2104,29
2105,142
2106,7
2107,6
2108,715
2109,12
2110,2
2111,2
2112,823
2113,8087
2114,8
2115,5616
2116,15153
2117,9
2118,12
2119,1
2120,234
2121,1019
2122,36
2123,393
2124,27
2125,340
2126,438
2127,10
2128,9
2129,1355
2130,10
2131,500
2132,1963
2133,4588
2134,1828
2135,11
2136,3
2137,12
2138,341
2139,11
2140,198
2141,347
2142,36
2143,42
2144,377
2145,971
2146,7
2147,342
2148,92
2149,31
2150,560
2151,2
2152,935
2153,1997
2154,115
2155,89
2156,1593
2157,4
2158,8
2159,2622
2160,128
2161,209
2162,239
2163,181
2164,69
2165,29
2166,9
2167,316
2168,5
2169,1
2170,34
2171,677
2172,54
2173,2369
2174,12
2175,2347
2176,12
2177,137
2178,208
2179,74
2180,279
2181,535
2182,36490
2183,610
2184,94
2185,364
2186,13686
2187,1145
2188,20
2189,7
2190,1
2191,4717
2192,4
2193,92741
2194,12
2195,3
2196,3
2197,10
2198,3
2199,16
2200,2961
2201,20371
2202,3150
2203,336
2204,6208
2205,2357
2206,139
2207,4
2208,1401
2209,1048
2210,87
2211,1
2212,8
2213,7
2214,231
2215,58
2216,2900
2217,5
2218,45
2219,773
2220,1032
2221,114
2222,518
2223,74
2224,1943
2225,112
2226,2
2227,364
2228,365
2229,2793
2230,9220
2231,8
2232,246
2233,1422
2234,3031
2235,8
2236,5
2237,4653
2238,5703
2239,398
2240,14
2241,126291
2242,6
2243,847
2244,419
2245,50
2246,381
2247,11
2248,632
2249,2163
2250,29
2251,669
2252,2540
2253,7621
2254,30
2255,2333
2256,2314
2257,3698
2258,412
2259,4952
2260,2312
2261,14
2262,255
2263,4560
2264,185
2265,10
2266,124
2267,3098
2268,858
2269,6
2270,1707
2271,12
2272,547
2273,72
2274,316
2275,6
2276,4
2277,10
2278,2470
2279,5
2280,4
2281,2
2282,94
2283,3
2284,46
2285,37
2286,127
2287,113
2288,805
2289,277
2290,2
2291,216
2292,4
2293,1230
2294,452
2295,9860
2296,4950
2297,9
2298,13
2299,26
2300,839
2301,4468
2302,35
2303,3
2304,4956
2305,1775
2306,35009
2307,1017
2308,887
2309,271
2310,119
2311,213
2312,236
2313,776
2314,737
2315,16
2316,4691
2317,4
2318,4
2319,1593
2320,16
2321,51
2322,877
2323,13
2324,117
2325,2
2326,24
2327,886
2328,233
2329,1102
2330,135
2331,255
2332,8
2333,1422
2334,102
2335,933
2336,20
2337,565
2338,8
2339,9086
2340,11
2341,539
2342,329
2343,2
2344,4
2345,1082
2346,1566
2347,149
2348,27025
2349,10
2350,7
2351,1130
2352,81821
2353,210
2354,285
2355,14
2356,6
2357,21
2358,113
2359,2252
2360,4
2361,55
2362,100
2363,1
2364,3
2365,30
2366,25
2367,2
2368,347
2369,16
2370,5
2371,32
2372,2826
2373,343
2374,266
2375,11
2376,122
2377,21
2378,6772
2379,1643
2380,152
2381,537
2382,9
2383,955
2384,27
2385,122
2386,181
2387,454
2388,413
2389,1176
2390,4982
2391,537
2392,18
2393,7
2394,2478
2395,5726
2396,4
2397,9
2398,6
2399,439
2400,371
2401,681
2402,27964
2403,649
2404,450
2405,286
2406,336
2407,706
2408,9
2409,2
2410,3537
2411,625
2412,1084
2413,2924
2414,23
2415,56
2416,6
2417,60
2418,18
2419,1732
2420,378
2421,5
2422,17
2423,108
2424,531
2425,659
2426,2
2427,39
2428,4
2429,756
2430,713
2431,11
2432,52
2433,1514
2434,423
2435,254
2436,7
2437,13
2438,880
2439,71
2440,708
2441,840
2442,924
2443,74
2444,1457
2445,277
2446,604
2447,3
2448,65
2449,7
2450,304
2451,11
2452,19
2453,5
2454,948
2455,2422
2456,64
2457,13
2458,503
2459,1042
2460,18
2461,5139
2462,137
2463,196
2464,1056
2465,5
2466,7
2467,16380
2468,27
2469,4
2470,4
2471,229
2472,5754
2473,11
2474,252
2475,1471
2476,36
2477,405
2478,38
2479,17
2480,3
2481,587
2482,67
2483,238
2484,2
2485,217
2486,36
2487,16
2488,1
2489,25
2490,4
2491,172
2492,36
2493,230
2494,28
2495,71
2496,1202
2497,47
2498,23
2499,115
2500,753
2501,138
2502,63
2503,11583
2504,11
2505,781
2506,43
2507,88
2508,362
2509,64
2510,122
2511,66
2512,432
2513,17
2514,4382
2515,15
2516,13
2517,496
2518,460
2519,4783
2520,48
2521,25
2522,4137
2523,6
2524,28
2525,2118
2526,712
2527,91
2528,35
2529,362
2530,119110
2531,381
2532,313
2533,131
2534,348
2535,9614
2536,355
2537,87
2538,113
2539,5
2540,12
2541,1020
2542,200
2543,4
2544,15
2545,944
2546,8
2547,48
2548,157
2549,4308
2550,7
2551,1357
2552,113
2553,24
2554,17
2555,1802
2556,862
2557,2618
2558,559
2559,1770
2560,238
2561,4
2562,2978
2563,56
2564,18
2565,112
2566,25
2567,18
2568,6
2569,13
2570,1871
2571,279
2572,3
2573,4
2574,15
2575,156
2576,1226
2577,6768
2578,6236
2579,1341
2580,242
2581,1
2582,6796
2583,876
2584,367
2585,2
2586,470
2587,37
2588,40
2589,344
2590,553
2591,2
2592,95
2593,18
2594,85
2595,74
2596,65
2597,982
2598,3
2599,5
2600,887
2601,148
2602,189
2603,113
2604,504
2605,107
2606,1916
2607,113
2608,23
2609,2666
2610,9
2611,91
2612,252
2613,9597
2614,98
2615,1278
2616,774
2617,3217
2618,51
2619,85
2620,2819
2621,1859
2622,46
2623,67
2624,25
2625,384
2626,170
2627,27
2628,903
2629,573
2630,321
2631,1443
2632,25
2633,431
2634,7
2635,6
2636,16
2637,106
2638,29
2639,5
2640,4
2641,290
2642,17
2643,1002
2644,1307
2645,101
2646,3295
2647,137
2648,25
2649,95
2650,1012
2651,154
2652,2466
2653,334
2654,162
2655,10
2656,18
2657,239
2658,277
2659,128
2660,15
2661,10
2662,357
2663,722
2664,5
2665,2781
2666,8
2667,448
2668,132
2669,749
2670,7022
2671,84
2672,180
2673,1396
2674,773
2675,432
2676,180
2677,909
2678,5
2679,1851
2680,632
2681,179
2682,91
2683,6
2684,76
2685,128
2686,32
2687,12
2688,4
2689,776
2690,174
2691,3003
2692,673
2693,500
2694,7
2695,565
2696,16
2697,161
2698,8876
2699,1678
2700,343
2701,2735
2702,120
2703,10423
2704,324
2705,11518
2706,560
2707,137
2708,2633
2709,716
2710,598
2711,5
2712,10
2713,72
2714,351
2715,11
2716,20270
2717,399
2718,1788
2719,18
2720,46
2721,140
2722,18888
2723,8
2724,605
2725,124
2726,2
2727,128
2728,10
2729,1950
2730,21
2731,23
2732,749
2733,52
2734,414
2735,1852
2736,6
2737,114
2738,43
2739,21666
2740,10
2741,917
2742,9
2743,1129
2744,7
2745,1760
2746,5
2747,1
2748,128
2749,19
2750,480
2751,18
2752,7
2753,196
2754,1203
2755,15795
2756,3953
2757,867
2758,19
2759,14
2760,26
2761,17673
2762,114
2763,6907
2764,802
2765,289
2766,92
2767,3
2768,244
2769,7
2770,3091
2771,391
2772,44
2773,954
2774,2
2775,872
2776,5
2777,247
2778,4594
2779,1520
2780,74
2781,24
2782,719
2783,656
2784,996
2785,274
2786,5
2787,6
2788,605
2789,47
2790,497
2791,171
2792,1496
2793,18
2794,2
2795,47
2796,3
2797,480
2798,2155
2799,3625
2800,1240
2801,934
2802,74
2803,966
2804,6
2805,152
2806,4
2807,35
2808,100
2809,323
2810,2
2811,120
2812,26
2813,2
2814,310
2815,1637
2816,362
2817,14
2818,356
2819,1101
2820,148
2821,2
2822,6
2823,6
2824,334
2825,26534
2826,10
2827,45
2828,18692
2829,17
2830,449
2831,22
2832,172
2833,4
2834,1161
2835,20
2836,744
2837,146
2838,8
2839,2
2840,69
2841,275
2842,1564
2843,820
2844,14
2845,15
2846,107
2847,3
2848,4
2849,3
2850,25
2851,5
2852,103
2853,5
2854,77
2855,922
2856,13
2857,68
2858,346
2859,1455
2860,35
2861,3
2862,50
2863,15
2864,315
2865,1783
2866,1800
2867,1409
2868,2700
2869,815
2870,892
2871,155
2872,72
2873,5
2874,4
2875,5
2876,92
2877,66
2878,1294
2879,3
2880,6
2881,1
2882,1
2883,469
2884,520
2885,3
2886,18
2887,2393
2888,5
2889,1067
2890,206
2891,12
2892,7726
2893,3195
2894,576
2895,1
2896,241
2897,794
2898,2
2899,349
2900,1170
2901,1599
2902,1697
2903,1049
2904,355
2905,3
2906,3706
2907,130
2908,19
2909,6
2910,3
2911,8
2912,609
2913,375
2914,3290
2915,35795
2916,205
2917,332
2918,371
2919,13490
2920,669
2921,7
2922,95
2923,379
2924,3425
2925,5517
2926,57
2927,6
2928,738
2929,28
2930,30
2931,2491
2932,1847
2933,3
2934,4281
2935,5
2936,741
2937,3408
2938,30
2939,41
2940,109
2941,126
2942,9
2943,78
2944,583
2945,813
2946,202
2947,75
2948,3283
2949,2
2950,3
2951,4
2952,7
2953,5
2954,2904
2955,347
2956,10
2957,125
2958,631
2959,871
2960,18
2961,102
2962,1218
2963,11
2964,2054
2965,1
2966,779
2967,6
2968,7
2969,943
2970,365
2971,7147
2972,4
2973,200
2974,6
2975,1641
2976,1
2977,130
2978,2
2979,26
2980,14
2981,1189
2982,203
2983,590
2984,2
2985,20
2986,9
2987,4029
2988,393
2989,2
2990,19
2991,127
2992,579
2993,32
2994,305
2995,203
2996,6
2997,884
2998,13
2999,4593
3000,28
3001,10
3002,316
3003,14
3004,88
3005,170
3006,3826
3007,13381
3008,2148
3009,44
3010,1540
3011,328
3012,39
3013,24
3014,23
3015,17
3016,110
3017,1289
3018,11471
3019,341
3020,563
3021,239
3022,78
3023,454
3024,1
3025,22
3026,63
3027,501
3028,6
3029,55
3030,6
3031,464
3032,8996
3033,404
3034,75
3035,102
3036,114
3037,355
3038,1367
3039,657
3040,257
3041,1943
3042,410
3043,2650
3044,250
3045,40
3046,7988
3047,139
3048,1925
3049,207
3050,65
3051,1441
3052,1352
3053,1104
3054,6
3055,4783
3056,422
3057,3314
3058,43
3059,79
3060,3470
3061,39367
3062,814
3063,17
3064,24631
3065,100
3066,450
3067,220
3068,2928
3069,5
3070,11
3071,22
3072,5
3073,133
3074,5
3075,6
3076,51
3077,338
3078,507
3079,33
3080,379
3081,15529
3082,2011
3083,9
3084,6
3085,291
3086,1172
3087,1398
3088,15
3089,418
3090,6
3091,9
3092,159
3093,5
3094,46
3095,401
3096,13
3097,12
3098,865
3099,66
3100,533
3101,7526
3102,158
3103,2191
3104,12648
3105,1874
3106,152
3107,39721
3108,650
3109,539
3110,1396
3111,286
3112,34
3113,609
3114,899
3115,1447
3116,272
3117,2
3118,13406
3119,1526
3120,12
3121,486
3122,276
3123,550
3124,57
3125,194
3126,49
3127,194
3128,2313
3129,2285
3130,66
3131,304
3132,5725
3133,24
3134,142
3135,186
3136,61
3137,1486
3138,1
3139,934
3140,21
3141,25
3142,802
3143,221
3144,12
3145,201
3146,6408
3147,2359
3148,214
3149,43
3150,246
3151,533
3152,2230
3153,171
3154,73
3155,337
3156,519
3157,4366
3158,17
3159,175
3160,314
3161,9
3162,283
3163,28
3164,59
3165,4
3166,510
3167,16326
3168,33
3169,108
3170,123
3171,33
3172,3
3173,206
3174,456
3175,4521
3176,559
3177,5565
3178,184
3179,797
3180,2
3181,537
3182,1
3183,252
3184,83
3185,1892
3186,5
3187,24
3188,4
3189,1
3190,11
3191,1216
3192,280
3193,4
3194,160
3195,1190
3196,988
3197,10
3198,2142
3199,103
3200,24
3201,652
3202,7
3203,315
3204,17
3205,416
3206,131
3207,231
3208,86
3209,22076
3210,33
3211,314
3212,8
3213,124
3214,3
3215,109
3216,77
3217,135
3218,837
3219,14
3220,7
3221,13
3222,6
3223,179
3224,664
3225,374
3226,48
3227,682
3228,14
3229,3
3230,927
3231,12
3232,281
3233,68
3234,347
3235,11
3236,2133
3237,669
3238,129
3239,933
3240,4
3241,354
3242,7
3243,1798
3244,38
3245,3293
3246,253
3247,3
3248,20
3249,3
3250,43
3251,3546
3252,2401
3253,64
3254,122
3255,3163
3256,10
3257,1350
3258,1
3259,6
3260,4
3261,510
3262,7156
3263,12
3264,3
3265,3
3266,9
3267,15
3268,14
3269,342
3270,61
3271,2704
3272,22382
3273,380
3274,4
3275,832
3276,1661
3277,4
3278,5
3279,1556
3280,890
3281,16
3282,2115
3283,728
3284,226
3285,1141
3286,1038
3287,302
3288,41
3289,7
3290,101
3291,1976
3292,8
3293,10
3294,208
3295,154
3296,1186
3297,705
3298,255
3299,9
3300,312
3301,13
3302,16
3303,8
3304,105
3305,7
3306,720
3307,7
3308,353
3309,599
3310,4996
3311,75
3312,14643
3313,297
3314,5
3315,1623
3316,281
3317,14
3318,258
3319,371
3320,1718
3321,1952
3322,11
3323,107
3324,5
3325,32
3326,250
3327,13
3328,29
3329,94
3330,3
3331,144
3332,841
3333,500
3334,64
3335,326
3336,141
3337,4488
3338,2573
3339,256
3340,179
3341,6897
3342,2455
3343,3248
3344,189
3345,14
3346,2538
3347,24
3348,613
3349,12
3350,110
3351,49
3352,5
3353,5
3354,559
3355,2692
3356,315
3357,79
3358,1056
3359,106
3360,2071
3361,379
3362,4
3363,1058
3364,45
3365,316
3366,15
3367,104
3368,333
3369,4277
3370,5
3371,1392
3372,7
3373,861
3374,123
3375,4554
3376,5
3377,56
3378,3561
3379,689
3380,20
3381,348
3382,1304
3383,59
3384,21
3385,7
3386,5695
3387,533
3388,23
3389,1095
3390,382
3391,887
3392,84
3393,781
3394,2
3395,8893
3396,450
3397,195
3398,934
3399,2
3400,112
3401,6
3402,5250
3403,69
3404,59
3405,302
3406,69
3407,2
3408,2510
3409,309
3410,44
3411,9
3412,28
3413,468
3414,150
3415,1368
3416,427
3417,697
3418,3048
3419,44
3420,6
3421,176
3422,6318
3423,373
3424,29
3425,10
3426,45
3427,876
3428,13896
3429,197
3430,599
3431,71
3432,212
3433,1739
3434,173
3435,10
3436,244
3437,3192
3438,2632
3439,499
3440,44
3441,8
3442,175
3443,428
3444,6
3445,21
3446,722
3447,1592
3448,1
3449,31
3450,59
3451,21845
3452,5
3453,1373
3454,1749
3455,15
3456,418
3457,258
3458,2732
3459,939
3460,107
3461,647
3462,909
3463,294
3464,121
3465,132
3466,22
3467,404
3468,875
3469,11
3470,18
3471,10
3472,1303
3473,18
3474,3813
3475,724
3476,128
3477,102
3478,2184
3479,21
3480,194
3481,113552
3482,5574
3483,3
3484,7
3485,54
3486,576
3487,22
3488,25
3489,735
3490,12
3491,81
3492,370
3493,62
3494,526
3495,457
3496,846
3497,230
3498,6586
3499,1313
3500,200
3501,163
3502,11
3503,4345
3504,192
3505,75
3506,224
3507,7
3508,220
3509,754
3510,2
3511,118
3512,748
3513,140
3514,3853
3515,1347
3516,592
3517,4
3518,44
3519,1620
3520,7507
3521,1982
3522,2561
3523,4
3524,79
3525,41
3526,8895
3527,15
3528,4842
3529,377
3530,1640
3531,1
3532,12
3533,9
3534,388
3535,345
3536,57
3537,23
3538,1537
3539,1020
3540,24
3541,1757
3542,822
3543,2
3544,178
3545,62
3546,103
3547,2451
3548,5
3549,8794
3550,2
3551,76
3552,11
3553,1060
3554,3438
3555,61
3556,9
3557,774
3558,656
3559,718
3560,15
3561,24697
3562,165
3563,386
3564,5
3565,65
3566,1762
3567,324
3568,47
3569,75
3570,113
3571,8
3572,473
3573,344
3574,17
3575,776
3576,246
3577,4
3578,49821
3579,3161
3580,3
3581,152
3582,88
3583,1
3584,57
3585,6
3586,191
3587,18
3588,53
3589,10
3590,217
3591,54
3592,4544
3593,914
3594,688
3595,2562
3596,4528
3597,3
3598,3348
3599,62
3600,1185
3601,2295
3602,23
3603,191
3604,177
3605,125
3606,23462
3607,133
3608,964
3609,9
3610,517
3611,1568
3612,1023
3613,1
3614,32
3615,5
3616,188
3617,16
3618,1810
3619,5120
3620,287
3621,141
3622,119
3623,753
3624,94
3625,119
3626,7
3627,1207
3628,162
3629,212
3630,19
3631,4
3632,1159
3633,382
3634,1
3635,44
3636,293
3637,499
3638,295
3639,77
3640,111
3641,7
3642,6
3643,4206
3644,74
3645,807
3646,763
3647,33
3648,30
3649,60
3650,4
3651,7
3652,1333
3653,219
3654,9
3655,566
3656,3
3657,656
3658,18
3659,573
3660,72
3661,159
3662,675
3663,6
3664,6
3665,1089
3666,7
3667,1981
3668,254
3669,5
3670,2378
3671,1090
3672,875
3673,7064
3674,11
3675,32
3676,15
3677,8
3678,7
3679,34
3680,178
3681,118
3682,5
3683,234
3684,6
3685,12
3686,616
3687,5
3688,447
3689,612
3690,591
3691,206
3692,87
3693,594
3694,41
3695,120
3696,41
3697,807
3698,50
3699,2062
3700,2
3701,285
3702,444
3703,1019
3704,2069
3705,4
3706,150
3707,1045
3708,147
3709,22
3710,129
3711,78
3712,1
3713,1445
3714,20
3715,58
3716,13671
3717,3057
3718,1022
3719,1
3720,42
3721,4
3722,112
3723,68
3724,360
3725,13398
3726,366
3727,12
3728,70
3729,199
3730,23
3731,531
3732,12
3733,110
3734,506
3735,315
3736,21
3737,126175
3738,461
3739,49
3740,72
3741,192
3742,1720
3743,865
3744,21343
3745,29
3746,416
3747,1790
3748,4417
3749,145
3750,5131
3751,316
3752,468
3753,1
3754,427
3755,164
3756,199
3757,12
3758,59
3759,1626
3760,500
3761,25
3762,43
3763,85
3764,1
3765,1500
3766,11
3767,115
3768,226
3769,353
3770,136
3771,388
3772,4739
3773,600
3774,451
3775,9
3776,14
3777,438
3778,52
3779,3
3780,13
3781,323
3782,11
3783,2
3784,45
3785,2
3786,142
3787,30
3788,706
3789,46
3790,223
3791,8
3792,1616
3793,2
3794,25
3795,2268
3796,152
3797,5406
3798,52
3799,117
3800,830
3801,2
3802,35
3803,4
3804,1443
3805,4711
3806,1024
3807,76
3808,889
3809,36
3810,17
3811,118
3812,814
3813,747
3814,10
3815,9
3816,12
3817,2
3818,10726
3819,250707
3820,5
3821,749
3822,54
3823,206
3824,2361
3825,23
3826,10
3827,108
3828,447
3829,16
3830,594
3831,62
3832,2142
3833,274
3834,27
3835,8
3836,6
3837,306
3838,4
3839,489
3840,98
3841,8
3842,66
3843,9
3844,432
3845,46
3846,6
3847,18
3848,315
3849,66
3850,226
3851,5075
3852,41
3853,183
3854,7
3855,179
3856,11249
3857,525
3858,3726
3859,10
3860,318
3861,959
3862,4
3863,2062
3864,66
3865,8356
3866,66
3867,60
3868,407
3869,7
3870,4
3871,12150
3872,11758
3873,630
3874,542
3875,2366
3876,585
3877,27548
3878,52
3879,13
3880,39
3881,279
3882,4716
3883,99
3884,188
3885,17
3886,663
3887,4
3888,2000
3889,763
3890,463
3891,34
3892,3310
3893,1375
3894,74
3895,596
3896,21
3897,899
3898,877
3899,11
3900,3
3901,2
3902,887
3903,679
3904,3
3905,18
3906,63
3907,7
3908,6564
3909,54
3910,3
3911,1414
3912,303
3913,8261
3914,11
3915,234
3916,2
3917,2818
3918,41
3919,6131
3920,204
3921,6
3922,47
3923,33
3924,790
3925,62
3926,103
3927,1233
3928,693
3929,231
3930,245
3931,610
3932,97
3933,3847
3934,7982
3935,910
3936,9381
3937,278
3938,1492
3939,217
3940,3
3941,89
3942,1
3943,136
3944,3702
3945,8
3946,3634
3947,89843
3948,2
3949,7
3950,96
3951,22
3952,8
3953,70
3954,760
3955,382
3956,18
3957,342
3958,909
3959,85
3960,24
3961,1687
3962,695
3963,20
3964,647
3965,157
3966,2095
3967,575
3968,120
3969,116
3970,9178
3971,3494
3972,1356
3973,557
3974,17
3975,1
3976,167
3977,184
3978,7
3979,22581
3980,2
3981,598
3982,1661
3983,31
3984,129
3985,1
3986,1393
3987,21
3988,1452
3989,58
3990,35
3991,107
3992,765
3993,244
3994,5
3995,311
3996,8233
3997,3661
3998,567
3999,112
4000,34
4001,6
4002,167
4003,104
4004,1
4005,102
4006,4827
4007,592
4008,12
4009,8
4010,73
4011,806
4012,263
4013,9
4014,595
4015,187
4016,699
4017,125
4018,196
4019,57
4020,1290
4021,263
4022,2710
4023,256
4024,5
4025,31
4026,2391
4027,84
4028,11
4029,25
4030,4
4031,3
4032,352
4033,1940
4034,111
4035,3
4036,41
4037,94
4038,15
4039,60
4040,281
4041,6
4042,269
4043,678
4044,330
4045,534
4046,600
4047,908
4048,181
4049,7062
4050,111
4051,2
4052,298
4053,58
4054,30
4055,8
4056,1336
4057,40
4058,3807
4059,123
4060,388
4061,11
4062,358
4063,566
4064,1125
4065,90
4066,569
4067,928
4068,11
4069,279
4070,924
4071,8
4072,70
4073,50
4074,158
4075,11
4076,6
4077,138
4078,3370
4079,929
4080,1836
4081,692
4082,14
4083,4066
4084,14
4085,73
4086,199
4087,2
4088,741
4089,5
4090,16
4091,3
4092,23
4093,48
4094,673
4095,766
4096,840
4097,1111
4098,619
4099,116
4100,3082
4101,511
4102,61
4103,10465
4104,146
4105,2307
4106,9
4107,797
4108,1781
4109,651
4110,1251
4111,1082
4112,5
4113,1
4114,11
4115,381
4116,797
4117,424
4118,660
4119,274
4120,4563
4121,355
4122,19
4123,775
4124,1113
4125,88
4126,89
4127,51
4128,8
4129,10
4130,307
4131,71
4132,1256
4133,99
4134,30
4135,285
4136,15
4137,3
4138,562
4139,37
4140,140
4141,97
4142,50
4143,23
4144,17
4145,160
4146,73
4147,6200
4148,14818
4149,3
4150,8
4151,176
4152,15
4153,350
4154,254
4155,161
4156,272
4157,108
4158,39
4159,7
4160,5520
4161,109
4162,13894
4163,13
4164,333
4165,6
4166,195
4167,254
4168,1
4169,3196
4170,56
4171,394
4172,551
4173,7
4174,120
4175,5
4176,201
4177,6
4178,191
4179,407
4180,22687
4181,42
4182,3229
4183,651
4184,61
4185,413
4186,81
4187,419
4188,14
4189,5
4190,121
4191,3502
4192,14
4193,33
4194,350
4195,162
4196,10
4197,7
4198,46
4199,216
4200,10280
4201,9644
4202,60
4203,10
4204,285
4205,28
4206,58
4207,146
4208,965
4209,38
4210,3
4211,125
4212,7641
4213,47
4214,22
4215,1790
4216,49
4217,131
4218,2660
4219,833
4220,5638
4221,17
4222,22
4223,13
4224,337
4225,7745
4226,70
4227,353
4228,287
4229,161
4230,11
4231,9
4232,2263
4233,2
4234,3612
4235,225
4236,455
4237,101
4238,334
4239,1
4240,77
4241,88
4242,3
4243,54
4244,14
4245,14
4246,2
4247,6
4248,9658
4249,1013
4250,1868
4251,1695
4252,29
4253,114
4254,4556
4255,5
4256,247
4257,484
4258,695
4259,2
4260,7918
4261,57
4262,181
4263,3566
4264,8
4265,5
4266,1117
4267,6
4268,2160
4269,542
4270,72
4271,80
4272,707
4273,345
4274,11
4275,3
4276,5
4277,40
4278,491
4279,14
4280,5
4281,714
4282,104
4283,6
4284,228
4285,189
4286,10
4287,552
4288,6
4289,236
4290,48
4291,723
4292,340
4293,3
4294,45
4295,65
4296,6566
4297,295
4298,299
4299,1223
4300,20
4301,484
4302,1009
4303,12
4304,3
4305,161
4306,256
4307,456
4308,246
4309,957
4310,590
4311,716
4312,267
4313,2355
4314,970
4315,4141
4316,553
4317,3572
4318,91
4319,812
4320,203
4321,1079
4322,379
4323,9
4324,8
4325,745
4326,110
4327,4613
4328,4
4329,497
4330,375
4331,2945
4332,5
4333,5
4334,2
4335,503
4336,255
4337,5
4338,116
4339,640
4340,14
4341,164
4342,5
4343,83
4344,1497
4345,787
4346,179
4347,559
4348,12
4349,324
4350,794
4351,712
4352,3
4353,1080
4354,19
4355,3
4356,11
4357,5444
4358,769
4359,698
4360,3943
4361,110
4362,6
4363,202
4364,927
4365,98
4366,117
4367,102
4368,545
4369,228
4370,15
4371,21
4372,110
4373,337
4374,5
4375,1667
4376,93
4377,2
4378,3
4379,75
4380,933
4381,888
4382,32
4383,5
4384,700
4385,1458
4386,957
4387,46
4388,1431
4389,24
4390,40
4391,85
4392,1039
4393,183
4394,6
4395,9
4396,2984
4397,50
4398,313
4399,13
4400,8
4401,2884
4402,63903
4403,66
4404,1663
4405,18
4406,275
4407,108
4408,426
4409,7
4410,7
4411,190
4412,688
4413,11
4414,6
4415,224
4416,428
4417,4822
4418,8
4419,32
4420,1701
4421,3
4422,9
4423,162
4424,9
4425,6
4426,65
4427,752
4428,659
4429,107
4430,11
4431,20
4432,12
4433,3
4434,6
4435,11
4436,709
4437,283
4438,765
4439,578
4440,2
4441,11
4442,2648
4443,87
4444,63
4445,30
4446,8
4447,9
4448,137
4449,1162
4450,25
4451,655
4452,3026
4453,6
4454,4
4455,56
4456,111
4457,16
4458,379
4459,28
4460,36
4461,8923
4462,156
4463,7771
4464,313
4465,2939
4466,7
4467,8
4468,6
4469,659
4470,16
4471,6
4472,19
4473,4338
4474,104
4475,6
4476,471
4477,161
4478,15
4479,1
4480,42
4481,263
4482,119
4483,10
4484,596
4485,4
4486,67
4487,59
4488,322
4489,434
4490,363
4491,54
4492,370
4493,220
4494,30
4495,634
4496,27
4497,96
4498,13
4499,97
4500,419
4501,4309
4502,345
4503,841
4504,2719
4505,7
4506,23
4507,1020
4508,1088
4509,73
4510,888
4511,228
4512,4
4513,28
4514,74
4515,149
4516,493
4517,289
4518,144
4519,299
4520,184
4521,23
4522,946
4523,53
4524,512
4525,14278
4526,551
4527,2
4528,12
4529,5
4530,3
4531,366
4532,43
4533,29
4534,22
4535,662
4536,19
4537,4
4538,10
4539,207
4540,122736
4541,9927
4542,3
4543,5
4544,3
4545,16576
4546,6
4547,3
4548,88
4549,71
4550,6
4551,596
4552,193
4553,161
4554,830
4555,181
4556,1607
4557,2655
4558,5
4559,8032
4560,19
4561,657
4562,24
4563,21
4564,710
4565,14
4566,18
4567,13419
4568,243
4569,1139
4570,6
4571,6
4572,1
4573,125
4574,33216
4575,716
4576,206
4577,5
4578,152
4579,15
4580,22
4581,242
4582,24
4583,1066
4584,2
4585,9
4586,91
4587,696
4588,2
4589,7891
4590,474
4591,2665
4592,11
4593,71
4594,180
4595,51
4596,1
4597,5
4598,371
4599,1131
4600,442
4601,4281
4602,57493
4603,11
4604,2
4605,157
4606,6
4607,7622
4608,3
4609,14
4610,813
4611,6
4612,254
4613,75
4614,87
4615,472
4616,1081
4617,11
4618,1134
4619,5
4620,26
4621,8
4622,726
4623,15
4624,285
4625,1006
4626,3430
4627,1
4628,475
4629,5
4630,43
4631,3848
4632,4
4633,12244
4634,21
4635,2
4636,59
4637,28
4638,3273
4639,1150
4640,11
4641,129
4642,7413
4643,125
4644,1040
4645,514
4646,80
4647,125
4648,30
4649,1018
4650,43
4651,16
4652,1
4653,30
4654,373
4655,45
4656,9
4657,69
4658,32
4659,486
4660,448
4661,25
4662,1
4663,9
4664,254
4665,38
4666,236
4667,7
4668,3
4669,152
4670,1268
4671,6
4672,22
4673,332
4674,4
4675,3056
4676,56
4677,162
4678,199
4679,206
4680,1
4681,370
4682,23
4683,111
4684,37
4685,161
4686,150
4687,5
4688,199
4689,431
4690,52
4691,4
4692,1009
4693,2573
4694,1453
4695,2350
4696,159
4697,266
4698,20
4699,174
4700,121
4701,1170
4702,23
4703,148
4704,3
4705,6941
4706,519
4707,7
4708,90
4709,9
4710,47
4711,455
4712,30
4713,46
4714,132
4715,432
4716,30
4717,25
4718,11
4719,342
4720,10
4721,3
4722,10
4723,568
4724,3419
4725,101
4726,3
4727,11
4728,15
4729,1681
4730,3
4731,12
4732,8
4733,837
4734,248
4735,1
4736,1153
4737,946
4738,57
4739,445
4740,258
4741,10
4742,111
4743,4
4744,302
4745,10534
4746,12463
4747,583
4748,8
4749,256
4750,65
4751,10
4752,6
4753,1438
4754,124
4755,10
4756,4901
4757,172
4758,1928
4759,5189
4760,4
4761,14138
4762,6
4763,226
4764,13
4765,6
4766,50
4767,292
4768,7
4769,5472
4770,19
4771,4320
4772,1201
4773,1627
4774,16
4775,440
4776,5
4777,1
4778,14
4779,6
4780,804
4781,189
4782,266
4783,2461
4784,12
4785,2
4786,3627
4787,365
4788,568
4789,36
4790,322
4791,156
4792,32
4793,628
4794,120
4795,259
4796,2137
4797,102
4798,3753
4799,6
4800,5
4801,4
4802,1913
4803,5
4804,163
4805,15
4806,29
4807,6
4808,41
4809,97
4810,206
4811,2
4812,26
4813,146
4814,827
4815,512
4816,17
4817,159
4818,6
4819,528
4820,5289
4821,5285
4822,919
4823,1375
4824,2
4825,1108
4826,287
4827,7
4828,40
4829,909
4830,62
4831,78
4832,4
4833,2919
4834,694
4835,699
4836,129
4837,6
4838,5
4839,941
4840,165
4841,24
4842,66
4843,3455
4844,53
4845,4
4846,65
4847,846
4848,126
4849,300
4850,80
4851,363
4852,99
4853,104
4854,33
4855,1410
4856,312
4857,8420
4858,26
4859,150
4860,310
4861,4
4862,10
4863,229
4864,6
4865,2530
4866,200
4867,10
4868,20
4869,9
4870,1029
4871,12
4872,266
4873,131
4874,19
4875,16
4876,7
4877,16
4878,632
4879,15
4880,4
4881,5
4882,142
4883,2
4884,828
4885,3
4886,1
4887,600
4888,10
4889,365
4890,2698
4891,160
4892,1302
4893,519
4894,12
4895,676
4896,11
4897,2
4898,8
4899,1401
4900,212
4901,134
4902,1740
4903,363
4904,387
4905,14
4906,68
4907,795
4908,106
4909,11
4910,114
4911,6
4912,603
4913,12
4914,154
4915,42
4916,15
4917,937
4918,21
4919,1933
4920,3275
4921,216
4922,21
4923,87
4924,488
4925,7
4926,53
4927,10
4928,4954
4929,6016
4930,4372
4931,7
4932,60
4933,123
4934,175
4935,67
4936,522
4937,2509
4938,3
4939,3296
4940,869
4941,3
4942,9
4943,208
4944,592
4945,4956
4946,632
4947,24
4948,1286
4949,16
4950,2794
4951,2951
4952,3
4953,132
4954,13
4955,134
4956,41901
4957,19430
4958,152
4959,112
4960,12
4961,3137
4962,1
4963,19
4964,845
4965,254
4966,4891
4967,106
4968,69
4969,25
4970,225
4971,260
4972,46
4973,295
4974,7802
4975,122
4976,4
4977,123
4978,839
4979,711
4980,86
4981,4523
4982,579
4983,384
4984,380
4985,496
4986,477
4987,345
4988,140
4989,331
4990,524
4991,13
4992,5
4993,549
4994,226
4995,222
4996,469
4997,2773
4998,1333
4999,31
5000,9
5001,77
5002,57
5003,1524
5004,1417
5005,1
5006,5
5007,243
5008,4
5009,3
5010,3
5011,8
5012,16663
5013,24
5014,267
5015,598
5016,1569
5017,98
5018,22
5019,677
5020,74
5021,6
5022,2
5023,9
5024,671
5025,27
5026,3408
5027,16
5028,20
5029,165
5030,6296
5031,109
5032,13
5033,1729
5034,81
5035,9
5036,16
5037,14
5038,23
5039,16
5040,2442
5041,1026
5042,1106
5043,8
5044,5
5045,16
5046,6
5047,173
5048,511
5049,6
5050,4501
5051,1665
5052,866
5053,30
5054,42
5055,59
5056,1
5057,31
5058,9
5059,2
5060,35
5061,64
5062,143
5063,47
5064,1072
5065,2189
5066,1351
5067,79
5068,3408
5069,2
5070,22
5071,168
5072,3
5073,4
5074,2448
5075,8
5076,113
5077,203
5078,366
5079,361
5080,104
5081,26
5082,30
5083,28
5084,29
5085,3
5086,3
5087,78
5088,5
5089,266
5090,68
5091,5
5092,4
5093,194
5094,309
5095,25
5096,1
5097,695
5098,638
5099,7888
5100,4
5101,74
5102,5415
5103,34
5104,4295
5105,6001
5106,962
5107,3
5108,17
5109,354
5110,282
5111,23
5112,9148
5113,7
5114,21
5115,29
5116,310
5117,83
5118,280
5119,14
5120,93
5121,183
5122,427
5123,5
5124,304
5125,21
5126,2101
5127,5
5128,153
5129,6
5130,293
5131,26
5132,205
5133,489
5134,16
5135,107
5136,17
5137,6575
5138,181
5139,452
5140,1295
5141,793
5142,932
5143,643
5144,242
5145,703
5146,728
5147,196
5148,3507
5149,32
5150,824
5151,4209
5152,48
5153,2735
5154,2752
5155,3472
5156,4
5157,71
5158,10
5159,231
5160,811
5161,4224
5162,193
5163,90
5164,395
5165,835
5166,649
5167,18
5168,812
5169,2477
5170,5
5171,5311
5172,437
5173,185
5174,6708
5175,1667
5176,7
5177,11
5178,159
5179,9
5180,281
5181,1
5182,175
5183,451
5184,518
5185,1016
5186,9
5187,889
5188,157
5189,6
5190,2
5191,883
5192,150
5193,106
5194,312
5195,4
5196,370
5197,112
5198,124
5199,75
5200,7
5201,1114
5202,212
5203,2076
5204,7
5205,15
5206,14
5207,204
5208,347
5209,480
5210,401
5211,798
5212,259
5213,165
5214,629
5215,6
5216,13
5217,1277
5218,3
5219,63
5220,35
5221,91
5222,82
5223,837
5224,317
5225,20
5226,636
5227,129
5228,443
5229,3864
5230,10
5231,3657
5232,8
5233,1132
5234,636
5235,676
5236,348
5237,1321
5238,2
5239,124
5240,56
5241,378
5242,27
5243,7
5244,5
5245,318
5246,1787
5247,136
5248,1378
5249,674
5250,9
5251,23
5252,1
5253,2394
5254,24
5255,842
5256,746
5257,2409
5258,177
5259,17
5260,5
5261,433
5262,138
5263,20
5264,3
5265,95
5266,7
5267,788
5268,31
5269,20
5270,363
5271,591
5272,301
5273,5
5274,703
5275,25
5276,4
5277,739
5278,314
5279,32
5280,1054
5281,15
5282,240
5283,17
5284,2
5285,48
5286,497
5287,559
5288,753
5289,136
5290,843
5291,5415
5292,84
5293,870
5294,6
5295,514
5296,63
5297,5
5298,4325
5299,1
5300,5
5301,902
5302,1
5303,13
5304,78
5305,234
5306,49
5307,1713
5308,118
5309,1024
5310,61
5311,5
5312,2888
5313,41
5314,92
5315,3352
5316,51
5317,23
5318,17
5319,2
5320,293
5321,358
5322,207
5323,4991
5324,1387
5325,996
5326,10971
5327,58
5328,1216
5329,2
5330,18
5331,3178
5332,641
5333,649
5334,6038
5335,29
5336,564
5337,1
5338,16
5339,13122
5340,87
5341,3207
5342,905
5343,104
5344,1055
5345,65
5346,41
5347,2778
5348,8
5349,694
5350,516
5351,9
5352,55
5353,165
5354,345
5355,64
5356,164
5357,372
5358,16
5359,27902
5360,3
5361,444
5362,194
5363,5
5364,13
5365,17
5366,33
5367,4
5368,157
5369,17
5370,2633
5371,26
5372,4
5373,5
5374,51
5375,47
5376,1244
5377,22443
5378,2
5379,24
5380,6
5381,59
5382,42
5383,2825
5384,143
5385,20
5386,12
5387,456
5388,101
5389,1526
5390,81
5391,563
5392,512
5393,963
5394,51
5395,328
5396,4
5397,12
5398,2
5399,18
5400,473
5401,453
5402,3
5403,1512
5404,18
5405,1839
5406,34
5407,9
5408,8
5409,290
5410,1
5411,96
5412,1382
5413,31
5414,2998
5415,2932
5416,46
5417,416
5418,59
5419,2724
5420,2659
5421,12
5422,28
5423,22
5424,29
5425,5006
5426,7
5427,909
5428,6056
5429,273
5430,19
5431,4777
5432,404
5433,1071
5434,974
5435,684
5436,88
5437,2578
5438,1
5439,1611
5440,2682
5441,1
5442,23
5443,63
5444,12
5445,405
5446,2280
5447,17
5448,2
5449,550
5450,12
5451,28
5452,31
5453,74
5454,2496
5455,11
5456,5183
5457,1969
5458,419
5459,530
5460,31
5461,1014
5462,427
5463,2591
5464,8
5465,23
5466,556
5467,61
5468,19659
5469,536
5470,4
5471,2948
5472,1155
5473,275
5474,21837
5475,4
5476,425
5477,3
5478,3
5479,90
5480,335
5481,82
5482,808
5483,68
5484,398
5485,641
5486,1752
5487,410
5488,4
5489,26071
5490,32
5491,8604
5492,6
5493,35
5494,34
5495,5573
5496,10
5497,389
5498,891
5499,37
5500,2
5501,7
5502,4
5503,7
5504,207
5505,207
5506,70
5507,55
5508,12
5509,37
5510,60
5511,1
5512,13
5513,183
5514,16689
5515,4
5516,104
5517,286
5518,119
5519,1101
5520,7
5521,1917
5522,6
5523,6
5524,31
5525,6793
5526,118
5527,1113
5528,27
5529,13302
5530,164
5531,2154
5532,641
5533,391
5534,2006
5535,474
5536,8
5537,954
5538,12
5539,37
5540,69
5541,279
5542,85
5543,33203
5544,4
5545,6
5546,23
5547,4377
5548,17357
5549,4
5550,64
5551,42
5552,128
5553,21
5554,813
5555,4148
5556,1318
5557,3
5558,80
5559,344
5560,180
5561,414
5562,3
5563,1281
5564,1028
5565,91
5566,12
5567,8
5568,59
5569,73
5570,9
5571,2
5572,1842
5573,288
5574,866
5575,57
5576,27
5577,4136
5578,2325
5579,3079
5580,127
5581,3
5582,4
5583,5238
5584,24
5585,760
5586,315
5587,66
5588,3
5589,1803
5590,5
5591,5
5592,5
5593,41
5594,3833
5595,20
5596,12
5597,644
5598,3
5599,629
5600,1030
5601,3
5602,424
5603,90
5604,8
5605,45
5606,206
5607,1035
5608,4714
5609,10
5610,2
5611,648
5612,2
5613,202
5614,61
5615,729
5616,1
5617,24
5618,8
5619,165
5620,94
5621,1927
5622,1369
5623,226
5624,1999
5625,1006
5626,6
5627,6
5628,402
5629,83
5630,86
5631,255
5632,130
5633,4592
5634,53
5635,64
5636,1145
5637,184
5638,1
5639,25
5640,24
5641,621
5642,689
5643,14
5644,12
5645,85
5646,2
5647,339
5648,2863
5649,16
5650,3
5651,61
5652,27
5653,76
5654,698
5655,143
5656,439
5657,340
5658,23536
5659,186
5660,6089
5661,20
5662,191
5663,277
5664,2244
5665,4191
5666,4
5667,125
5668,6
5669,185
5670,23
5671,3592
5672,245
5673,864
5674,518
5675,43
5676,142
5677,498
5678,545
5679,20
5680,1552
5681,54
5682,263
5683,527
5684,2193
5685,7
5686,5266
5687,207
5688,395
5689,3536
5690,11
5691,482
5692,175
5693,986
5694,5
5695,44
5696,1
5697,91
5698,1105
5699,5
5700,2
5701,431
5702,150
5703,192
5704,242
5705,165
5706,10
5707,354
5708,3
5709,61
5710,70
5711,55
5712,1
5713,308
5714,348
5715,1967
5716,2295
5717,3
5718,48
5719,535
5720,30
5721,7
5722,19
5723,3840
5724,1385
5725,1530
5726,4048
5727,677
5728,6
5729,43
5730,1003
5731,190
5732,155
5733,3
5734,14
5735,182
5736,2664
5737,272
5738,8
5739,647
5740,78
5741,10
5742,138
5743,117
5744,2419
5745,317
5746,148
5747,2681
5748,5
5749,528
5750,7370
5751,2566
5752,17
5753,139
5754,1022
5755,759
5756,180
5757,1307
5758,72
5759,1248
5760,316
5761,2
5762,1805
5763,3
5764,6
5765,1809
5766,10
5767,1746
5768,146
5769,1164
5770,126
5771,341
5772,38
5773,54
5774,171
5775,2253
5776,6
5777,254
5778,14
5779,3317
5780,68
5781,760
5782,13
5783,1283
5784,2
5785,89867
5786,8004
5787,5
5788,285
5789,99
5790,9973
5791,282
5792,323
5793,37
5794,4
5795,1024
5796,43
5797,25
5798,549
5799,97
5800,532
5801,1504
5802,692
5803,1253
5804,31
5805,1
5806,5
5807,1195
5808,6
5809,203
5810,1845
5811,1558
5812,6501
5813,688
5814,335
5815,61
5816,53
5817,34572
5818,447
5819,299
5820,676
5821,15253
5822,1545
5823,5
5824,1427
5825,2
5826,2295
5827,1046
5828,13
5829,302
5830,116
5831,4
5832,1894
5833,425
5834,112
5835,4505
5836,8
5837,467
5838,1025
5839,20
5840,436
5841,1
5842,2098
5843,4497
5844,3
5845,511
5846,1679
5847,299
5848,9792
5849,1479
5850,18
5851,3590
5852,19
5853,1973
5854,187
5855,96
5856,3401
5857,487
5858,128
5859,8
5860,6
5861,5945
5862,517
5863,247
5864,5
5865,7
5866,5
5867,18
5868,57
5869,122
5870,570
5871,17
5872,133
5873,343
5874,3
5875,276
5876,249
5877,1713
5878,53
5879,121
5880,30
5881,15
5882,3
5883,1
5884,645
5885,6
5886,1085
5887,45
5888,23
5889,12
5890,1922
5891,6
5892,3700
5893,786
5894,152
5895,870
5896,6
5897,57
5898,713
5899,1050
5900,213
5901,157
5902,4503
5903,14
5904,3
5905,405
5906,158
5907,2922
5908,92203
5909,433
5910,1604
5911,1023
5912,404
5913,1587
5914,370
5915,7
5916,213
5917,5719
5918,28
5919,14
5920,360
5921,10
5922,1
5923,8
5924,194
5925,1411
5926,343
5927,502
5928,1
5929,5
5930,640
5931,7
5932,2008
5933,349
5934,3
5935,121
5936,1495
5937,32
5938,88
5939,1127
5940,778
5941,25
5942,18654
5943,1252
5944,462
5945,166
5946,3708
5947,2
5948,8418
5949,1353
5950,12
5951,165
5952,230
5953,9
5954,153
5955,1329
5956,989
5957,18
5958,6
5959,2
5960,1719
5961,2462
5962,2031
5963,15
5964,885
5965,7
5966,2
5967,3
5968,247
5969,1557
5970,37
5971,190
5972,2051
5973,220
5974,3
5975,2
5976,87
5977,10
5978,13
5979,21
5980,416
5981,15
5982,22647
5983,212
5984,1954
5985,65
5986,16
5987,15219
5988,47
5989,4
5990,517
5991,230
5992,2869
5993,28652
5994,502
5995,217
5996,67
5997,199
5998,103
5999,57
6000,352
6001,128
6002,21
6003,315
6004,1
6005,434
6006,613
6007,86
6008,848
6009,181
6010,19
6011,2
6012,244
6013,120
6014,242
6015,194
6016,1204
6017,180
6018,91
6019,48
6020,8
6021,540
6022,15
6023,270
6024,181
6025,1000
6026,966
6027,1016
6028,614
6029,36
6030,38501
6031,360
6032,659
6033,4
6034,117
6035,201
6036,5
6037,13
6038,1112
6039,69
6040,8
6041,254
6042,10955
6043,3
6044,299
6045,4
6046,938
6047,683
6048,1931
6049,562
6050,19
6051,19
6052,288
6053,7
6054,481
6055,22
6056,910
6057,2488
6058,6137
6059,14
6060,3385
6061,2726
6062,19
6063,40
6064,1535
6065,50
6066,1017
6067,643
6068,53
6069,418
6070,5
6071,152
6072,9
6073,16
6074,9
6075,32
6076,1030
6077,1
6078,218
6079,1963
6080,21
6081,15
6082,43
6083,427
6084,1
6085,180
6086,106
6087,3016
6088,7
6089,3
6090,155
6091,902
6092,174
6093,2945
6094,1295
6095,10
6096,73
6097,13
6098,1
6099,52
6100,88
6101,130
6102,4
6103,10
6104,1939
6105,3
6106,1248
6107,1160
6108,55
6109,478
6110,1996
6111,2
6112,14427
6113,700
6114,361
6115,4
6116,990
6117,841
6118,10
6119,3820
6120,967
6121,78
6122,38
6123,5122
6124,126
6125,288
6126,31
6127,165
6128,252
6129,67
6130,8
6131,669
6132,642
6133,170
6134,140
6135,171
6136,15
6137,26
6138,2
6139,881
6140,186
6141,306
6142,2435
6143,1435
6144,8
6145,16
6146,15329
6147,23
6148,444
6149,316
6150,1360
6151,259
6152,5967
6153,2547
6154,3773
6155,1314
6156,10
6157,250
6158,5
6159,1383
6160,24116
6161,833
6162,1227
6163,59513
6164,8
6165,784
6166,461
6167,515
6168,2249
6169,220
6170,2538
6171,4
6172,95
6173,8546
6174,1706
6175,8
6176,1818
6177,12
6178,425
6179,1430
6180,4
6181,679
6182,2573
6183,137
6184,210
6185,18224
6186,122
6187,2088
6188,11
6189,7
6190,9
6191,3
6192,199
6193,323
6194,76
6195,3803
6196,6
6197,15
6198,8
6199,1890
6200,459
6201,289
6202,21
6203,879
6204,106
6205,3
6206,540
6207,64
6208,1044
6209,4
6210,505
6211,5
6212,363
6213,6
6214,6626
6215,198
6216,9
6217,1003
6218,5
6219,28
6220,19
6221,49
6222,920
6223,4932
6224,187
6225,24795
6226,611
6227,19
6228,138
6229,471
6230,3
6231,44
6232,3
6233,1
6234,494
6235,5
6236,109
6237,1367
6238,184
6239,33
6240,287
6241,940
6242,201
6243,22
6244,1033
6245,1
6246,265
6247,10
6248,25
6249,7
6250,26
6251,120
6252,1239
6253,9
6254,13
6255,38
6256,141
6257,424
6258,32
6259,476
6260,1947
6261,23
6262,8
6263,2595
6264,7671
6265,9
6266,1048
6267,57
6268,34
6269,12
6270,2
6271,578
6272,5009
6273,131
6274,1
6275,11
6276,1092
6277,315
6278,300
6279,1394
6280,5
6281,454
6282,6039
6283,93
6284,10
6285,96
6286,141293
6287,257
6288,10
6289,136
6290,3
6291,4
6292,357
6293,21171
6294,258
6295,4046
6296,930
6297,80
6298,587
6299,62
6300,50
6301,84
6302,33
6303,8
6304,1343
6305,853
6306,16
6307,606
6308,10013
6309,6
6310,1
6311,75
6312,13
6313,1351
6314,4
6315,1487
6316,7
6317,22
6318,11
6319,146
6320,3361
6321,759
6322,64
6323,11
6324,8471
6325,72
6326,457
6327,1273
6328,3
6329,2420
6330,5
6331,16
6332,11
6333,23
6334,9
6335,123
6336,165
6337,11
6338,9
6339,2691
6340,1
6341,5
6342,163
6343,223
6344,131
6345,540
6346,225
6347,2
6348,24
6349,708
6350,383
6351,722
6352,140
6353,605
6354,19
6355,154
6356,2315
6357,9
6358,21
6359,18
6360,1316
6361,173
6362,1988
6363,5
6364,38
6365,1224
6366,252
6367,71
6368,16559
6369,2636
6370,3850
6371,315
6372,3755
6373,100
6374,565
6375,255
6376,433
6377,4
6378,1481
6379,1192
6380,383
6381,73
6382,7
6383,213
6384,14
6385,227
6386,135
6387,240
6388,106
6389,5
6390,6
6391,74
6392,113
6393,65
6394,113
6395,159
6396,3022
6397,9
6398,780
6399,47
6400,186
6401,81
6402,9
6403,2
6404,421
6405,337
6406,401
6407,1
6408,849
6409,40
6410,26
6411,925
6412,1082
6413,69
6414,310
6415,102
6416,1329
6417,79
6418,322
6419,86
6420,213
6421,917
6422,192
6423,689
6424,23
6425,458
6426,1958
6427,6443
6428,6
6429,8
6430,15776
6431,49
6432,10
6433,8
6434,8
6435,939
6436,445
6437,876
6438,3
6439,75
6440,23
6441,4
6442,442
6443,19267
6444,237
6445,13
6446,15669
6447,185
6448,1393
6449,4
6450,939
6451,11
6452,58
6453,15
6454,571
6455,901
6456,47
6457,1455
6458,6
6459,1
6460,1586
6461,70
6462,429
6463,736
6464,59
6465,50
6466,228
6467,14
6468,438
6469,46
6470,874
6471,606
6472,63
6473,69
6474,8197
6475,2923
6476,6
6477,408
6478,254
6479,1273
6480,74
6481,339
6482,3
6483,193
6484,5220
6485,6
6486,19896
6487,614
6488,1
6489,3
6490,995
6491,12
6492,1
6493,739
6494,35
6495,76
6496,20
6497,9
6498,344
6499,4
6500,22078
6501,515
6502,5854
6503,952
6504,876
6505,311
6506,768
6507,5
6508,5690
6509,992
6510,9
6511,722
6512,2
6513,980
6514,80
6515,114
6516,17
6517,3107
6518,271
6519,9
6520,7041
6521,8544
6522,96
6523,2612
6524,596
6525,15
6526,14
6527,6
6528,40
6529,514
6530,9
6531,388
6532,22
6533,1441
6534,1501
6535,1343
6536,868
6537,153
6538,5
6539,489
6540,87
6541,88
6542,3
6543,14
6544,1345
6545,351
6546,207
6547,148
6548,25
6549,176
6550,4875
6551,5
6552,50
6553,194
6554,417
6555,553
6556,147
6557,122
6558,301
6559,304
6560,8
6561,47
6562,21
6563,12
6564,11
6565,30
6566,52
6567,156
6568,34
6569,536
6570,30
6571,618
6572,221
6573,2795
6574,8
6575,27
6576,156
6577,615
6578,6381
6579,2948
6580,549
6581,111
6582,3
6583,956
6584,2926
6585,750
6586,623
6587,8
6588,11
6589,1
6590,671
6591,56871
6592,8170
6593,260
6594,485
6595,421
6596,494
6597,404
6598,71
6599,2656
6600,184
6601,10049
6602,1
6603,9
6604,30
6605,51
6606,195
6607,2
6608,182
6609,28
6610,7
6611,80
6612,11348
6613,822
6614,886
6615,112
6616,882
6617,2
6618,1156
6619,137
6620,27
6621,11
6622,18
6623,1
6624,5
6625,260
6626,112
6627,17240
6628,2025
6629,17794
6630,5
6631,12840
6632,2
6633,247
6634,725
6635,6
6636,242
6637,1703
6638,1066
6639,13
6640,14
6641,7
6642,114
6643,763
6644,3982
6645,62
6646,156
6647,160
6648,1648
6649,1
6650,240
6651,1
6652,1980
6653,569
6654,664
6655,43
6656,3
6657,7709
6658,64
6659,57
6660,5
6661,150
6662,218
6663,197
6664,37045
6665,2661
6666,1555
6667,152
6668,1316
6669,12
6670,7
6671,2
6672,4673
6673,970
6674,11
6675,143
6676,211
6677,1189
6678,38
6679,88
6680,3
6681,399
6682,9866
6683,359
6684,1813
6685,1495
6686,2483
6687,30
6688,250
6689,1470
6690,349
6691,24
6692,2772
6693,466
6694,1235
6695,883
6696,730
6697,663
6698,3
6699,120
6700,222
6701,259
6702,789
6703,2128
6704,60
6705,6
6706,994
6707,375
6708,180
6709,1879
6710,23
6711,194
6712,37
6713,8
6714,85
6715,110205
6716,17
6717,2012
6718,9
6719,118
6720,695
6721,2354
6722,15
6723,365
6724,7
6725,10
6726,4
6727,23
6728,121
6729,75
6730,114
6731,2
6732,26
6733,4
6734,814
6735,60
6736,11
6737,10
6738,290
6739,272
6740,222
6741,7
6742,804
6743,48
6744,619
6745,2923
6746,323
6747,3
6748,8
6749,3
6750,109
6751,91
6752,5234
6753,2051
6754,1673
6755,58
6756,112
6757,154
6758,1
6759,12
6760,15
6761,25
6762,548
6763,2386
6764,4331
6765,26
6766,3
6767,2278
6768,174
6769,2045
6770,915
6771,5
6772,20
6773,429
6774,122
6775,5759
6776,2
6777,78
6778,611
6779,17
6780,895
6781,31409
6782,24
6783,1316
6784,726
6785,1381
6786,35
6787,75
6788,157
6789,2
6790,202
6791,4
6792,2867
6793,249
6794,574
6795,4
6796,3
6797,13
6798,767
6799,15
6800,7416
6801,5439
6802,2454
6803,142
6804,5
6805,51
6806,308
6807,1105
6808,395
6809,48
6810,8
6811,47
6812,2123
6813,4
6814,3327
6815,1165
6816,42
6817,11
6818,683
6819,7920
6820,41
6821,14
6822,18109
6823,3974
6824,487
6825,228
6826,136
6827,17
6828,13
6829,151
6830,10
6831,611
6832,20
6833,18
6834,24
6835,1244
6836,367
6837,130
6838,38
6839,16
6840,311
6841,25
6842,1147
6843,601
6844,32
6845,135
6846,182
6847,2
6848,1348
6849,1103
6850,104
6851,455
6852,516
6853,414
6854,16
6855,733
6856,636
6857,38
6858,4
6859,8
6860,12
6861,130
6862,8
6863,632
6864,184
6865,744
6866,16
6867,220
6868,6
6869,92
6870,6672
6871,183
6872,4
6873,786
6874,8
6875,1
6876,3467
6877,329
6878,494
6879,36434
6880,28
6881,585
6882,27
6883,34
6884,26
6885,1933
6886,94
6887,6
6888,16
6889,59
6890,2991
6891,3258
6892,23
6893,177
6894,1
6895,28
6896,641
6897,849
6898,21
6899,9
6900,71
6901,24
6902,184
6903,4
6904,311
6905,2
6906,3806
6907,3591
6908,420
6909,18
6910,2
6911,159
6912,221
6913,43
6914,23
6915,3846
6916,291
6917,78
6918,2996
6919,274
6920,27
6921,27
6922,3756
6923,15
6924,89
6925,165
6926,17
6927,5
6928,29
6929,7140
6930,28
6931,314
6932,7
6933,1243
6934,378
6935,12
6936,59
6937,1398
6938,702
6939,34
6940,751
6941,1004
6942,1010
6943,161
6944,30
6945,531
6946,12
6947,504
6948,54
6949,42
6950,404
6951,169
6952,46
6953,4
6954,1110
6955,623
6956,4
6957,198
6958,2712
6959,18
6960,993
6961,344
6962,27
6963,7392
6964,1284
6965,36
6966,253
6967,716
6968,262
6969,851
6970,45
6971,995
6972,546
6973,842
6974,8
6975,1
6976,59
6977,12
6978,501
6979,256
6980,3
6981,5
6982,56
6983,30
6984,816
6985,200
6986,288
6987,66
6988,16
6989,21
6990,5577
6991,81
6992,2834
6993,3176
6994,196
6995,12
6996,3372
6997,143
6998,578
6999,208
7000,169
7001,142
7002,206
7003,233
7004,170
7005,201
7006,65
7007,128
7008,66
7009,508
7010,1968
7011,332
7012,532
7013,277
7014,77
7015,3187
7016,76
7017,21
7018,434
7019,2534
7020,345
7021,744
7022,827
7023,1764
7024,83
7025,5822
7026,93
7027,2271
7028,6
7029,526
7030,2
7031,823
7032,56
7033,6
7034,30
7035,85
7036,2510
7037,233
7038,693
7039,8
7040,2811
7041,324
7042,101
7043,4
7044,69
7045,34
7046,2
7047,5965
7048,1910
7049,5
7050,2847
7051,609
7052,51
7053,57
7054,861
7055,59
7056,470
7057,11612
7058,1
7059,225
7060,1244
7061,1354
7062,395
7063,49
7064,575
7065,12
7066,1099
7067,12
7068,175
7069,109
7070,664
7071,4353
7072,356
7073,15
7074,2
7075,7107
7076,211
7077,10
7078,2
7079,15589
7080,222
7081,325
7082,263
7083,920
7084,77
7085,1929
7086,6
7087,64
7088,6126
7089,6
7090,257
7091,4788
7092,1252
7093,8
7094,3
7095,7
7096,6
7097,10158
7098,7
7099,117
7100,141
7101,405
7102,255
7103,208
7104,2
7105,14967
7106,5
7107,691
7108,922
7109,457
7110,134
7111,866
7112,45
7113,305
7114,1322
7115,16
7116,3035
7117,10
7118,7201
7119,8
7120,1697
7121,7
7122,418
7123,3
7124,11
7125,709
7126,750
7127,3
7128,3
7129,2155
7130,189
7131,2424
7132,7
7133,226
7134,11
7135,76
7136,73
7137,14
7138,3422
7139,49
7140,2266
7141,2552
7142,5
7143,15
7144,10
7145,324
7146,273
7147,4350
7148,22
7149,450
7150,4090
7151,1705
7152,209
7153,1831
7154,472
7155,61
7156,46
7157,2170
7158,8
7159,56
7160,28
7161,402
7162,449
7163,17
7164,206
7165,21
7166,16
7167,691
7168,72
7169,636
7170,896
7171,11
7172,631
7173,406
7174,2938
7175,6
7176,405
7177,29
7178,182
7179,1434
7180,32
7181,66
7182,103
7183,2930
7184,1995
7185,4990
7186,826
7187,79
7188,11
7189,3051
7190,2417
7191,4
7192,53
7193,53
7194,1775
7195,151
7196,513
7197,451
7198,9
7199,30
7200,1141
7201,2233
7202,10546
7203,15
7204,1305
7205,4
7206,3
7207,1971
7208,8
7209,63
7210,450
7211,1449
7212,4
7213,9
7214,224
7215,84
7216,11
7217,3
7218,564
7219,84
7220,28
7221,1
7222,15324
7223,3
7224,5
7225,151
7226,550
7227,1546
7228,1888
7229,57378
7230,706
7231,632
7232,3
7233,29
7234,73
7235,7361
7236,5849
7237,346
7238,587
7239,5
7240,90
7241,27
7242,107
7243,3418
7244,9
7245,137
7246,3
7247,719
7248,20
7249,1611
7250,18
7251,1247
7252,156
7253,421
7254,152
7255,602
7256,1
7257,234
7258,60
7259,12
7260,3412
7261,19
7262,569
7263,931
7264,693
7265,166
7266,6
7267,3
7268,57
7269,2032
7270,4585
7271,239
7272,16
7273,442
7274,568
7275,78
7276,399
7277,12008
7278,16
7279,212
7280,7
7281,24
7282,356
7283,6787
7284,44
7285,289
7286,15961
7287,11
7288,4631
7289,132
7290,952
7291,8
7292,5
7293,1350
7294,12
7295,59
7296,736
7297,116
7298,3522
7299,12
7300,324
7301,9
7302,1074
7303,69
7304,3
7305,9
7306,1
7307,331
7308,33
7309,328
7310,5
7311,767
7312,2492
7313,60
7314,170
7315,8
7316,67
7317,5289
7318,13
7319,1179
7320,276
7321,60
7322,1024
7323,1
7324,6
7325,5
7326,103
7327,2266
7328,657
7329,6725
7330,362
7331,7
7332,992
7333,21
7334,30
7335,837
7336,9
7337,26
7338,56
7339,551
7340,25
7341,10
7342,1332
7343,21
7344,832
7345,223
7346,1369
7347,626
7348,50
7349,9
7350,17
7351,268
7352,4143
7353,3700
7354,46
7355,1144
7356,325
7357,509
7358,241
7359,3939
7360,289
7361,3
7362,24
7363,469
7364,3304
7365,2900
7366,97309
7367,2
7368,1248
7369,4
7370,5986
7371,167
7372,72
7373,491
7374,1136
7375,34
7376,541
7377,4565
7378,20
7379,66
7380,13
7381,684
7382,106
7383,278
7384,24
7385,544
7386,63
7387,336
7388,4
7389,3574
7390,67
7391,107
7392,212
7393,148
7394,1418
7395,4
7396,423
7397,438
7398,232
7399,45
7400,2907
7401,1238
7402,1093
7403,395
7404,281
7405,1183
7406,892
7407,8
7408,118
7409,13433
7410,19
7411,5
7412,284
7413,2297
7414,628
7415,11
7416,260
7417,14
7418,12
7419,34
7420,8
7421,45
7422,2615
7423,452
7424,25
7425,195
7426,1132
7427,4169
7428,196
7429,23
7430,56
7431,404
7432,295
7433,99
7434,2
7435,104
7436,455
7437,1064
7438,142
7439,1
7440,6
7441,22
7442,4
7443,23
7444,30
7445,204
7446,163
7447,24
7448,30
7449,27
7450,312
7451,79
7452,33
7453,73
7454,4
7455,506
7456,317
7457,4753
7458,2
7459,13
7460,166
7461,675
7462,11
7463,2
7464,199
7465,235
7466,70
7467,978
7468,31
7469,6
7470,252
7471,139
7472,507
7473,241
7474,33
7475,39
7476,2
7477,34
7478,41
7479,19
7480,9
7481,1123
7482,44
7483,5166
7484,2047
7485,4
7486,3674
7487,133
7488,356
7489,10
7490,2252
7491,1637
7492,1471
7493,691
7494,8
7495,2235
7496,194
7497,793
7498,175
7499,4
7500,12
7501,184
7502,397
7503,1146
7504,25
7505,107
7506,8
7507,10
7508,217
7509,247
7510,399
7511,200
7512,194
7513,7286
7514,3841
7515,461
7516,25
7517,6
7518,24
7519,5
7520,224
7521,141
7522,1024
7523,1670
7524,10
7525,5
7526,2356
7527,2
7528,48
7529,2
7530,841
7531,8
7532,6
7533,3074
7534,122
7535,18
7536,433
7537,10
7538,7107
7539,305
7540,145
7541,3099
7542,7
7543,64
7544,5554
7545,99
7546,424
7547,6828
7548,5
7549,1145
7550,19
7551,48
7552,285
7553,7
7554,71
7555,4
7556,453
7557,352
7558,1336
7559,1742
7560,158
7561,482
7562,3
7563,14
7564,25
7565,1115
7566,2477
7567,21
7568,32
7569,524
7570,31
7571,6374
7572,88
7573,1382
7574,58
7575,1194
7576,1967
7577,1
7578,1098
7579,89
7580,8
7581,289
7582,5327
7583,105
7584,2821
7585,2
7586,6261
7587,9
7588,31
7589,575
7590,426
7591,231
7592,42
7593,7
7594,4
7595,7
7596,68
7597,35
7598,4
7599,51
7600,1199
7601,175
7602,17
7603,49
7604,16982
7605,1345
7606,4
7607,1
7608,7
7609,156
7610,20
7611,103992
7612,57
7613,31
7614,565
7615,344
7616,57
7617,11
7618,454
7619,672
7620,548
7621,545
7622,379
7623,8
7624,11715
7625,368
7626,6
7627,4
7628,26
7629,17
7630,10245
7631,135
7632,8
7633,3
7634,21
7635,292
7636,3
7637,599
7638,406
7639,2
7640,2567
7641,142
7642,30
7643,6
7644,559
7645,4
7646,562
7647,66
7648,111
7649,6167
7650,2
7651,693
7652,5848
7653,405
7654,4
7655,5
7656,5346
7657,2
7658,6
7659,12
7660,52
7661,2365
7662,37
7663,185
7664,2335
7665,46
7666,3917
7667,1065
7668,235
7669,13
7670,15
7671,2400
7672,847
7673,34
7674,168
7675,6
7676,12
7677,87
7678,3
7679,8
7680,703
7681,117
7682,16
7683,2762
7684,6
7685,108
7686,1621
7687,1
7688,43
7689,55
7690,2203
7691,89742
7692,1051
7693,2124
7694,2372
7695,10
7696,6
7697,3
7698,139
7699,1602
7700,7
7701,84
7702,27
7703,19
7704,936
7705,2513
7706,65
7707,11991
7708,41
7709,2889
7710,3877
7711,227
7712,1
7713,10
7714,3
7715,4
7716,6
7717,85
7718,7
7719,303
7720,596
7721,43
7722,1581
7723,266
7724,1
7725,64
7726,2
7727,3527
7728,6
7729,2374
7730,371
7731,253
7732,1958
7733,5
7734,68
7735,11
7736,931
7737,53
7738,40
7739,220
7740,694
7741,14
7742,8228
7743,1437
7744,399
7745,167
7746,1
7747,1254
7748,8360
7749,2605
7750,769
7751,346
7752,72
7753,108
7754,164
7755,124
7756,9
7757,2
7758,5
7759,19
7760,1
7761,4
7762,302
7763,3
7764,29
7765,1222
7766,260
7767,2628
7768,24
7769,35
7770,309
7771,2
7772,180
7773,44
7774,372
7775,99
7776,2731
7777,507
7778,20
7779,51
7780,831
7781,547
7782,156
7783,1
7784,262
7785,298
7786,545
7787,333
7788,8
7789,6
7790,496
7791,6
7792,85
7793,1070
7794,2409
7795,320
7796,2088
7797,568
7798,513
7799,7
7800,5311
7801,14
7802,5
7803,756
7804,2329
7805,36
7806,457
7807,12
7808,17
7809,3065
7810,2
7811,369
7812,277
7813,503
7814,54
7815,1
7816,237
7817,150
7818,111
7819,614
7820,1
7821,4
7822,762
7823,391
7824,559
7825,2530
7826,69
7827,10391
7828,2
7829,11
7830,96
7831,441
7832,613
7833,297
7834,2518
7835,4
7836,461
7837,379
7838,9074
7839,59
7840,8
7841,13
7842,82
7843,543
7844,6
7845,351
7846,1077
7847,142
7848,1232
7849,425
7850,85
7851,21
7852,80
7853,6
7854,1
7855,40
7856,5770
7857,5
7858,8
7859,6
7860,452
7861,25
7862,1047
7863,138
7864,3
7865,395
7866,448
7867,2
7868,116
7869,628
7870,15
7871,20
7872,90679
7873,11
7874,20
7875,20
7876,2
7877,894
7878,55
7879,185
7880,11
7881,2457
7882,240
7883,1553
7884,7
7885,214
7886,60
7887,5
7888,148
7889,284
7890,242
7891,186
7892,156
7893,38
7894,1007
7895,313
7896,695
7897,408
7898,1
7899,828
7900,1139
7901,259
7902,39
7903,4980
7904,11719
7905,1289
7906,6
7907,335
7908,17
7909,305
7910,17
7911,211
7912,64
7913,3331
7914,161
7915,136
7916,3439
7917,118
7918,834
7919,163
7920,19
7921,17
7922,4
7923,25
7924,629
7925,79
7926,2776
7927,41
7928,4142
7929,15
7930,4635
7931,201
7932,222
7933,3
7934,60
7935,196
7936,151
7937,6
7938,14
7939,740
7940,57
7941,716
7942,3
7943,7
7944,17
7945,10
7946,354
7947,162
7948,262
7949,130
7950,10
7951,315
7952,2396
7953,364
7954,671
7955,364
7956,165
7957,2
7958,114
7959,45
7960,53
7961,3226
7962,4382
7963,615
7964,2291
7965,13
7966,6
7967,8
7968,9
7969,18
7970,77
7971,337
7972,90
7973,34
7974,475
7975,1
7976,1136
7977,9
7978,350
7979,78
7980,221
7981,739
7982,20
7983,26
7984,11
7985,514
7986,22
7987,6
7988,1513
7989,107
7990,2949
7991,119
7992,38
7993,1323
7994,4
7995,1863
7996,3
7997,1941
7998,277
7999,1
8000,40
8001,704
8002,5232
8003,2136
8004,2
8005,3
8006,5
8007,6
8008,6
8009,4009
8010,192
8011,9
8012,201
8013,4
8014,8
8015,127
8016,2
8017,1084
8018,157
8019,7
8020,38
8021,32
8022,797
8023,3
8024,759
8025,5
8026,1516
8027,2819
8028,69
8029,319
8030,1514
8031,578
8032,18
8033,57
8034,2304
8035,602
8036,2716
8037,47
8038,489
8039,93857
8040,4308
8041,501
8042,88
8043,4599
8044,1178
8045,223
8046,143
8047,5475
8048,37
8049,9
8050,11511
8051,567
8052,7562
8053,2331
8054,19
8055,247
8056,194
8057,1
8058,1212
8059,434
8060,365
8061,155
8062,8
8063,8
8064,1431
8065,186
8066,1988
8067,36
8068,1469
8069,687
8070,681
8071,429
8072,13
8073,34
8074,11
8075,1190
8076,5
8077,1858
8078,536
8079,476
8080,10
8081,4
8082,399
8083,9866
8084,163
8085,6
8086,94
8087,803
8088,538
8089,48
8090,1
8091,224
8092,986
8093,70
8094,2
8095,5
8096,20
8097,560
8098,253
8099,1504
8100,7185
8101,596
8102,104
8103,30
8104,371
8105,1131
8106,71
8107,1221
8108,551
8109,79
8110,1986
8111,3
8112,300
8113,1538
8114,1260
8115,497
8116,785
8117,117
8118,309
8119,2
8120,3974
8121,411
8122,10
8123,2766
8124,14
8125,10748
8126,21
8127,34
8128,47
8129,9
8130,708
8131,177
8132,431
8133,114
8134,11
8135,1442
8136,246
8137,7
8138,77
8139,9718
8140,64
8141,667
8142,251
8143,554
8144,3
8145,28
8146,223
8147,12
8148,52
8149,145
8150,26
8151,58
8152,9
8153,388
8154,1403
8155,444
8156,196
8157,16
8158,29
8159,3
8160,2411
8161,26
8162,7101
8163,221
8164,27
8165,17
8166,4241
8167,804
8168,262
8169,11
8170,60
8171,849
8172,1741
8173,759
8174,501
8175,15
8176,1183
8177,493
8178,8118
8179,2335
8180,693
8181,481
8182,640
8183,389
8184,82
8185,12
8186,35
8187,506
8188,6215
8189,3130
8190,9515
8191,205
8192,6030
8193,64
8194,3
8195,23
8196,268
8197,46
8198,42
8199,14029
8200,102
8201,4
8202,985
8203,655
8204,57
8205,11
8206,218
8207,738
8208,63
8209,4
8210,70
8211,1569
8212,1387
8213,13
8214,62
8215,699
8216,6884
8217,1291
8218,11014
8219,83
8220,305
8221,339
8222,10
8223,1204
8224,1504
8225,293
8226,255
8227,190
8228,48
8229,23
8230,102
8231,12
8232,2
8233,468
8234,558
8235,13
8236,7878
8237,114
8238,151
8239,18
8240,66
8241,588
8242,24
8243,315
8244,25
8245,71
8246,345
8247,6
8248,3
8249,41
8250,1001
8251,9
8252,7
8253,6
8254,232
8255,117
8256,75
8257,601
8258,3
8259,228
8260,839
8261,5
8262,684
8263,5
8264,916
8265,5851
8266,22
8267,35
8268,88
8269,11
8270,52
8271,9
8272,4
8273,82
8274,61
8275,598
8276,3
8277,2677
8278,1064
8279,182
8280,422
8281,1529
8282,6
8283,31
8284,6951
8285,5666
8286,3
8287,72
8288,932
8289,11
8290,689
8291,13
8292,5
8293,8
8294,317
8295,3
8296,101
8297,65
8298,62
8299,96
8300,13
8301,16
8302,349
8303,44
8304,53
8305,3
8306,3
8307,189
8308,6
8309,1120
8310,337
8311,59288
8312,7057
8313,8181
8314,678
8315,25
8316,355
8317,90
8318,9
8319,6
8320,171
8321,53
8322,1985
8323,263
8324,20
8325,1431
8326,335
8327,1742
8328,19
8329,2
8330,825
8331,23
8332,134
8333,888
8334,20
8335,292
8336,6
8337,4
8338,14
8339,246
8340,540
8341,334
8342,898
8343,1311
8344,3
8345,1083
8346,526
8347,8
8348,42
8349,139
8350,25
8351,61
8352,9215
8353,712
8354,8
8355,2
8356,10
8357,7
8358,159
8359,445
8360,55
8361,34
8362,403
8363,8
8364,1180
8365,16
8366,234
8367,7
8368,791
8369,663
8370,20
8371,1
8372,67
8373,145
8374,288
8375,6
8376,731
8377,53
8378,330
8379,10
8380,5
8381,4
8382,895
8383,7
8384,3271
8385,31
8386,2
8387,926
8388,159
8389,12
8390,262
8391,553
8392,15
8393,242
8394,420
8395,6
8396,168
8397,128
8398,39
8399,7
8400,5
8401,8
8402,393
8403,166
8404,137
8405,1239
8406,244
8407,996
8408,94
8409,3
8410,8
8411,310
8412,301
8413,667
8414,755
8415,3376
8416,658
8417,11230
8418,72
8419,5
8420,10124
8421,19
8422,1232
8423,7070
8424,59
8425,31
8426,7
8427,5
8428,806
8429,22
8430,849
8431,2555
8432,23
8433,92
8434,4
8435,4
8436,221
8437,1219
8438,45
8439,1063
8440,276
8441,195
8442,694
8443,233
8444,25383
8445,164
8446,55
8447,10
8448,296
8449,2858
8450,276
8451,751
8452,657
8453,55
8454,17
8455,5987
8456,2105
8457,3
8458,45
8459,69
8460,3320
8461,5
8462,16728
8463,319
8464,393
8465,84
8466,523
8467,6
8468,4
8469,64
8470,211
8471,236
8472,103
8473,19
8474,4105
8475,1
8476,2
8477,128
8478,1255
8479,300
8480,290
8481,57
8482,3624
8483,883
8484,36
8485,3338
8486,724
8487,1832
8488,103
8489,1100
8490,12
8491,1007
8492,29
8493,2
8494,475
8495,74
8496,7825
8497,59
8498,287
8499,11
8500,79
8501,308
8502,331
8503,1149
8504,158
8505,47
8506,110
8507,24
8508,956
8509,26
8510,2325
8511,166
8512,65
8513,1329
8514,458
8515,12
8516,372
8517,6
8518,884
8519,28
8520,54
8521,2
8522,26
8523,454
8524,3248
8525,879
8526,151
8527,195
8528,9714
8529,11
8530,157
8531,258
8532,18
8533,439
8534,8
8535,3
8536,86
8537,8
8538,28
8539,3901
8540,4
8541,24
8542,156
8543,264
8544,9
8545,138
8546,1234
8547,11
8548,187
